Title,Price sale,Price origin,Screen,CPU,Ram,Storage,Graphics,Operating system,Weight,Dimensions,Origin,Year,"urlre""",Brand,Name,CPU_Model,CPU_Code,Screen size,Resolution,Panel_Type,Refresh_Rate,Brightness,Product
"Laptop Asus Vivobook E1404FA-NK186W R5 7520U/16GB/512GB/14"" FHD/Win11 (No.00872250)",12290000.0,14990000.0,"14.0 inch, 1920 x 1080 Pixels, IPS, 60 Hz, 250 nits, LED-backlit",Ryzen 5,16,512.0,AMD Radeon Graphics,Windows 11,1.3,32.45 x 21.39 x 1.79 cm,Trung Quốc,2023,https://fptshop.com.vn/may-tinh-xach-tay/asus-vivobook-e1404fa-nk186w-r5-7520u,Asus,Asus Vivobook E1404FA-NK186W R5 7520U,Ryzen 5,7520U,14.0,1920 x 1080 Pixels,IPS,60,250 nits,E1404FA-NK186W R5 7520U
"Laptop Lenovo Gaming LOQ - 15IAX9 i5 12450HX/AI/16GB/512GB/15.6""FHD/Nvidia RTX 2050 4GB/Win11 (No.00906453)",18490000.0,21490000.0,"15.6 inch, 1920 x 1080 Pixels, IPS, 144, 300 nits, Anti-Glare",i5,16,512.0,NVIDIA GeForce RTX 2050 4GB GDDR6,Windows 11,2.3,359.86 x 258.7 x 21.9-23.9 mm,Trung Quốc,2024,https://fptshop.com.vn/may-tinh-xach-tay/lenovo-gaming-loq-15iax-9-i5-12450hx,Lenovo,Lenovo Gaming LOQ - 15IAX9 i5 12450HX,Core i5,12450HX,15.6,1920 x 1080 Pixels,IPS,144,300 nits,LOQ - 15IAX9 i5 12450HX
Laptop HP 14s-em0086AU R5 7520U/16GB/512GB/14''FHD/AMD Radeon Graphics/Win11 (No.00874398),13490000.0,15190000.0,"14 inch, 1920 x 1080 Pixels, SVA, 60 Hz, 250 nits, FHD",Ryzen 5,16,512.0,AMD Radeon Graphics,Windows 11,1.4,32.37 x 21.5 x 1.79 cm,Trung Quốc,2023,https://fptshop.com.vn/may-tinh-xach-tay/hp-14s-em0086au-r5-7520u,HP,HP 14s-em0086AU R5 7520U,Ryzen 5,7520U,14,1920 x 1080 Pixels,SVA,60,250 nits,R5 7520U
"Laptop Acer Aspire 3 A315-44P-R5QG R7 5700U/16GB/512GB/15.6""FHD/Win11 (No.00906291)",12490000.0,14990000.0,"15.6 inch, 1920 x 1080 Pixels, IPS, 60, FHD",Ryzen 7,16,512.0,AMD Radeon Graphics,Windows 11,1.7,362.9 x 241.26 x 19.9 mm,Trung Quốc,2023,https://fptshop.com.vn/may-tinh-xach-tay/acer-aspire-3-a315-44p-r5qg-r7-5700u,Acer,Acer Aspire 3 A315-44P-R5QG R7 5700U,Ryzen 7,7500U,15.6,1920 x 1080 Pixels,IPS,60,FHD,3 A315-44P-R5QG R7 5700U
Laptop HP Pavilion Aero 13-be2098AU R7 7735U/16GB/512GB/13.3''WUXGA/Win11 (No.00900050),19490000.0,21990000.0,"13.3 inch, 1920 x 1200 Pixels, IPS, , 400 nits, LCD",Ryzen 7,16,512.0,AMD Radeon Graphics,Windows 11,1,29.76 x 20.9 x 1.69 cm,Trung Quốc,2023,https://fptshop.com.vn/may-tinh-xach-tay/hp-pavilion-aero-13-be2098au-r7-7735u,HP,HP Pavilion Aero 13-be2098AU R7 7735U,Ryzen 7,7735U,13.3,1920 x 1200 Pixels,IPS,,400 nits,Aero 13-be2098AU R7 7735U
"Laptop Asus TUF Gaming FX507ZC4-HN095W i5 12500H/16GB/512GB/15.6""/Nvidia RTX 3050 4GB/Win11 (No.00883758)",20990000.0,24990000.0,"15.6 inch, 1920 x 1080 Pixels, IPS, 144 Hz, 250 nits, Anti - Glare",i5,16,512.0,NVIDIA GeForce RTX 3050 4GB; Intel Iris Xe Graphics,Windows 11,2.2,35.4 x 25.1 x 2.24 ~ 2.49 cm,Trung Quốc,2022,https://fptshop.com.vn/may-tinh-xach-tay/asus-tuf-gaming-fx507zc4-hn095w-i5-12500h,Asus,Asus TUF Gaming FX507ZC4-HN095W i5 12500H,Core i5,12500H,15.6,1920 x 1080 Pixels,IPS,144,250 nits,Gaming FX507ZC4-HN095W i5 12500H
"Laptop Lenovo Ideapad 3 15IAU7 i7 1255U/16GB/512GB/15.6""FHD/Win 11 (No.00899872)",15690000.0,17490000.0,"15.6 inch, 1920 x 1080 Pixels, IPS, Hãng không công bố Hz, 300 nits, IPS",i7,16,512.0,Intel Iris Xe Graphics,Windows 11,1.6,359.2 x 236.5 x 19.9 mm,Trung Quốc,2023,https://fptshop.com.vn/may-tinh-xach-tay/lenovo-ideapad-3-15iau7-i7-1255u,Lenovo,Lenovo Ideapad 3 15IAU7 i7 1255U,Core i7,1255U,15.6,1920 x 1080 Pixels,IPS,Hãn,300 nits,3 15IAU7 i7 1255U
"Laptop MSI Modern 14 C7M-220VN R5 7530U/8GB/512GB/14""FHD/Win 11 (No.00895155)",10490000.0,11990000.0,"14.0 inch, 1920 x 1080 Pixels, IPS, 60 Hz, FHD",Ryzen 5,8,512.0,AMD Radeon Graphics,Windows 11,1.4,319.9 x 223 x 19.35 mm,Trung Quốc,2023,https://fptshop.com.vn/may-tinh-xach-tay/msi-modern-14-c7m-220vn-r5-7530u,MSI,MSI Modern 14 C7M-220VN R5 7530U,Ryzen 5,7530U,14.0,1920 x 1080 Pixels,IPS,60,FHD,14 C7M-220VN R5 7530U
Laptop Asus TUF Gaming FX506HF-HN017W i5 11400H/16GB/512GB/GeForce RTX 2050 4GB/Win11 (No.00870696),17490000.0,19990000.0,"15.6 inch, 1920 x 1080 Pixels, IPS, 144 Hz, Anti-Glare",i5,16,512.0,,Windows 11,2.3,359 x 256 x 22.8 ~ 24.3 mm,Trung Quốc,2023,https://fptshop.com.vn/may-tinh-xach-tay/asus-tuf-gaming-fx506hf-hn017w-i5-11400h,Asus,Asus TUF Gaming FX506HF-HN017W i5 11400H,Core i5,11400H,15.6,1920 x 1080 Pixels,IPS,144,Anti-Glare,Gaming FX506HF-HN017W i5 11400H
"Laptop Dell Inspiron 15 N3530 i5 1335U/16GB/512GB/15.6""FHD/NVIDIA MX550 2GB/Win11/Office HS21 (No.00904770)",22090000.0,22090000.0,"15.6 inch, FHD (1920 x 1080), WVA, 120 Hz, 250 nits, Anti-Glare LED-Backlit Display",i5,16,512.0,NVIDIA GeForce MX550 2GB,Windows 11,1.6,358 x 236 x 18 mm,Trung Quốc,2023,https://fptshop.com.vn/may-tinh-xach-tay/dell-inspiron-15-n3530-i5-1335u,Dell,Dell Inspiron 15 N3530 i5 1335U,Core i5,1335U,15.6,FHD (1920 x 1080),WVA,120,250 nits,15 N3530 i5 1335U
"Laptop Asus Vivobook X1404ZA-NK387W i3 1215U/8GB/512GB/14"" FHD/Win11 (No.00904944)",9990000.0,11990000.0,"14 inch, FHD (1920 x 1080), IPS, 60 Hz, FHD",i3,8,512.0,Intel UHD Graphics,Windows 11,1.4,32.49 x 21.39 x 1.79 ~ 1.79 cm,Trung Quốc,2023,https://fptshop.com.vn/may-tinh-xach-tay/asus-vivobook-x1404za-nk387w-i3-1215u,Asus,Asus Vivobook X1404ZA-NK387W i3 1215U,Core i3,1215U,14,FHD (1920 x 1080),IPS,60,FHD,X1404ZA-NK387W i3 1215U
"Laptop Lenovo IdeaPad 3 14IAH8 i5 12450H/16GB/512GB/14""FHD/Win11 (No.00898312)",13890000.0,15490000.0,"14.0 inch, 1920 x 1080 Pixels, IPS, 60 Hz, 300 nits, Anti - Glare",i5,16,512.0,Intel UHD Graphics,Windows 11,1.3,324.3 x 213.8 x 17.9 mm,Trung Quốc,2023,https://fptshop.com.vn/may-tinh-xach-tay/lenovo-ideapad-3-14iah8-i5-12450h,Lenovo,Lenovo IdeaPad 3 14IAH8 i5 12450H,Core i5,12450H,14.0,1920 x 1080 Pixels,IPS,60,300 nits,3 14IAH8 i5 12450H
"Laptop MSI Gaming Thin GF63 12VE-454VN i5 12450H/16GB/512GB/15.6"" FHD/GeForce RTX 4050 6GB/Win 11 (No.00878325)",19990000.0,22990000.0,"15.6 inch, 1920 x 1080 Pixels, IPS, 144 Hz, IPS FHD",i5,16,512.0,NVIDIA GeForce RTX 4050 6GB GDDR6; Intel Iris Xe Graphics,Windows 11,1.8,359 x  254 x 21.7 mm,Trung Quốc,2023,https://fptshop.com.vn/may-tinh-xach-tay/msi-gaming-thin-gf63-12ve-454vn-i5-12450h,MSI,MSI Gaming Thin GF63 12VE-454VN i5 12450H,Core i5,12450H,15.6,1920 x 1080 Pixels,IPS,144,IPS FHD,Thin GF63 12VE-454VN i5 12450H
"Laptop Dell Inspiron 15 N3520 i5 1235U/16GB/512GB/15.6""FHD/Win11/Office HS21 (N5I5011W1) (No.00906638)",16490000.0,16990000.0,"15.6 inch, 1920 x 1200 Pixels, WVA, 120, 250 nits, Anti-Glare LED-Backlit Display",i5,16,512.0,Intel Iris Xe Graphics,Windows 11,1.9,35.85 x 23.49 x 1.75 cm,Trung Quốc,2022,https://fptshop.com.vn/may-tinh-xach-tay/laptop-dell-inspiron-15-n3520-i5-1235u1-n5i5011w1,Dell,Dell Inspiron 15 N3520 i5 1235U,Core i5,1235U,15.6,1920 x 1200 Pixels,WVA,120,250 nits,15 N3520 i5 1235U
"Laptop HP 245 G10 R5 7520U/8GB/256GB/14""FHD/Win11 (8F154PA) (No.00900029)",10490000.0,13290000.0,"14.0 inch, 1920 x 1080 Pixels, 1920 x 1080 Pixels, IPS, 60 Hz, LCD",Ryzen 5,8,256.0,AMD Radeon Graphics,Windows 11,1.3,32.4 x 21.5 x 1.79 cm,Trung Quốc,2023,https://fptshop.com.vn/may-tinh-xach-tay/hp-245-g10-r5-7520u,HP,HP 245 G10 R5 7520U,Ryzen 5,7520U,14.0,1920 x 1080 Pixels,1920 x 1080 Pixels,IPS,60 Hz,G10 R5 7520U
"Laptop Acer Aspire 7 Gaming A715-76-57CY i5 12450H/8GB/512GB/15.6""""FHD/Win11 (No.00881876)",12490000.0,16990000.0,"15.6 inch, 1920 x 1080 Pixels, IPS, 60 Hz, Acer ComfyView LED-backlit",i5,8,512.0,Intel UHD Graphics,Windows 11,2.1,362.3 x 237.4  x 19.9 mm,Trung Quốc,2023,https://fptshop.com.vn/may-tinh-xach-tay/acer-aspire-7-gaming-a715-76-57cy-i5-12450h,Acer,Acer Aspire 7 Gaming A715-76-57CY i5 12450H,Core i5,12450H,15.6,1920 x 1080 Pixels,IPS,60,Acer ComfyView LED-backlit,7 Gaming A715-76-57CY i5 12450H
"Laptop Asus Vivobook X1504VA-NJ526W i5 1335U/16GB/512GB SSD/15.6"" FHD/Win11 (No.00904943)",15990000.0,18990000.0,"15.6 inch, FHD (1920 x 1080), IPS, 60 Hz, FHD",i5,16,512.0,Intel Iris Xe Graphics,Windows 11,1.7,35.97 x 23.25 x 1.79 ~ 1.79 cm,Trung Quốc,2023,https://fptshop.com.vn/may-tinh-xach-tay/asus-vivobook-x1504va-nj526w-i5-1335u,Asus,Asus Vivobook X1504VA-NJ526W i5 1335U,Core i5,1335U,15.6,FHD (1920 x 1080),IPS,60,FHD,X1504VA-NJ526W i5 1335U
"Laptop Lenovo IdeaPad 1 15ALC7 R5 5500U/16GB/512GB/15.6"" FHD/Win11 (No.00901952)",10490000.0,12990000.0,"15.6 inch, 1920 x 1080 Pixels, TN, 60 Hz, 220 nits, FHD",Ryzen 5,16,512.0,AMD Radeon 610 2GB; AMD Radeon Graphics,Windows 11,1.5,360.2 x 236 x 17.9 mm,Trung Quốc,2023,https://fptshop.com.vn/may-tinh-xach-tay/lenovo-ideapad-1-15alc7-r5-5500u,Lenovo,Lenovo IdeaPad 1 15ALC7 R5 5500U,Ryzen 5,5500U,15.6,1920 x 1080 Pixels,TN,60,220 nits,1 15ALC7 R5 5500U
"Laptop HP 15s-fq5144TU i7 1255U/16GB/512GB/15.6""FHD/Win11 (No.00859668)",18490000.0,22890000.0,"15.6 inch, 1920 x 1080 Pixels, WVA, 60 Hz, 250 nits, Wide-Viewing Angle (WVA)",i7,16,512.0,,Windows 11,1.6,"35,85 x 24,2 x 1,79 cm",Trung Quốc,2022,https://fptshop.com.vn/may-tinh-xach-tay/hp-15s-fq5144tu-i7-1255u,HP,HP 15s-fq5144TU i7 1255U,Core i7,1255U,15.6,1920 x 1080 Pixels,WVA,60,250 nits,i7 1255U
Laptop Asus Vivobook M3504YA-L1268W R5 7530U/16GB/512GB/15.6''OLED/Win11 (No.00895027),15490000.0,18990000.0,"15.6 inch, 1920 x 1080 Pixels, 1920 x 1080 Pixels Màn hình chính:, OLED, 60 Hz, OLED, OLED Màn hình chính:",Ryzen 5,16,512.0,Intel Iris Xe Graphics,Windows 11,1.7,35.97 x 23.25 x 1.79 cm,Trung Quốc,2023,https://fptshop.com.vn/may-tinh-xach-tay/asus-vivobook-m3504ya-l128w-r5-7530u,Asus,Asus Vivobook M3504YA-L1268W R5 7530U,Ryzen 5,7530U,15.6,1920 x 1080 Pixels,1920 x 1080 Pixels Màn hình chính:,OLE,60 Hz,M3504YA-L1268W R5 7530U
Laptop HP 14s-em0078AU R5 7520U/8GB/ 512GB/14''FHD/Win11 (No.00873154),12490000.0,14190000.0,"14 inch, 1920 x 1080 Pixels, SVA, 60 Hz, 250 nits, FHD",Ryzen 5,8,512.0,AMD Radeon Graphics,Windows 11,1.4,32.37 x 21.5 x 1.79 cm,Trung Quốc,2023,https://fptshop.com.vn/may-tinh-xach-tay/hp-14s-em0078au-r5-7520u,HP,HP 14s-em0078AU R5 7520U,Ryzen 5,7520U,14,1920 x 1080 Pixels,SVA,60,250 nits,R5 7520U
"Laptop HP Pavilion 14-dv2071TU i7 1255U/16GB/512GB/14""FHD/Win11 (No.00884156)",20990000.0,25190000.0,"14 inch, 1920 x 1080 Pixels, IPS, 60 Hz, IPS",i7,16,512.0,Intel Iris Xe Graphics,Windows 11,1.4,32.5 x 21.66 x 1.7 cm,Trung Quốc,2022,https://fptshop.com.vn/may-tinh-xach-tay/hp-pavilion-14-dv2071tu-i7-1255u,HP,HP Pavilion 14-dv2071TU i7 1255U,Core i7,1255U,14,1920 x 1080 Pixels,IPS,60,IPS,14-dv2071TU i7 1255U
"Laptop MSI Gaming GF63 Thin 11UC-1228VN i7-11800H/8GB/512GB/15.6""FHD/GeForce RTX3050_4GB/Win11 (No.00859660)",20490000.0,20490000.0,"15,6 inch, 1920 x 1080 Pixels, IPS, 144 Hz, 250 nits, IPS",i7,8,512.0,NVIDIA GeForce RTX 3050 4GB,Windows 11,1.8,359 * 245 * 21.7 mm,Trung Quốc,2022,https://fptshop.com.vn/may-tinh-xach-tay/msi-gaming-gf63-thin-11uc-1228vn-i7-11800h,MSI,MSI Gaming GF63 Thin 11UC-1228VN i7-11800H,Core i7,11800H,15,6 inch,1920 x 1080 Pixels,IPS,144 Hz,GF63 Thin 11UC-1228VN i7-11800H
"Laptop Masstel E140 Celeron N4120/4GB/128GB/14""HD/Win 10 (No.00800737)",3590000.0,7990000.0,"14.0 inch, 1366 x 768 Pixels, IPS, 60 Hz, 250 nits, IPS LCD",Celeron,4,128.0,Intel UHD Graphics,Windows 11,1.3,329 x 220 x 18.7 mm,Trung Quốc,2022,https://fptshop.com.vn/may-tinh-xach-tay/masstel-e140-celeron-n4120,Masstel,Masstel E140 Celeron N4120,Celeron,N4120,14.0,1366 x 768 Pixels,IPS,60,250 nits,Celeron N4120
"Laptop Dell Vostro V3520 i5 1235U/16GB/512GB/15.6""FHD/Win11/Office HS21 (No.00907316)",16490000.0,16990000.0,"15.6 inch, FHD (1920 x 1080), WVA, 120, 250 nits, Anti-Glare LED-Backlit Display",i5,16,512.0,Intel Iris Xe Graphics,Windows 11,1.9,35.85 x 23.49 x 1.75 cm,Trung Quốc,2022,https://fptshop.com.vn/may-tinh-xach-tay/dell-vostro-v3520-i5-1235u,Dell,Dell Vostro V3520 i5 1235U,Core i5,1235U,15.6,FHD (1920 x 1080),WVA,120,250 nits,V3520 i5 1235U
"Laptop Asus Vivobook 16 X1605ZA-MB193W i3 1215U/8GB/512GB/16"" WUXGA/Win11 (No.00879616)",12290000.0,12290000.0,"16.0 inch, 1920 x 1200 Pixels, IPS, 60 Hz, Anti - Glare",i3,8,512.0,Intel UHD Graphics,Windows 11,1.6,35.87 x 24.95 x 1.99 ~ 1.99 cm,Trung Quốc,2023,https://fptshop.com.vn/may-tinh-xach-tay/asus-vivobook-16-x1605za-mb193w-i3-1215u,Asus,Asus Vivobook 16 X1605ZA-MB193W i3 1215U,Core i3,1215U,16.0,1920 x 1200 Pixels,IPS,60,Anti - Glare,16 X1605ZA-MB193W i3 1215U
"Laptop Acer Aspire 3 A315-510P-34XZ i3 N305/8GB/512GB/15.6""FHD/Win11 (No.00906639)",8990000.0,10990000.0,"15.6 inch, 1920 x 1080 Pixels, IPS, 60, FHD",i3,8,512.0,Intel UHD Graphics,Windows 11,1.7,362.9 x 237.5 x 18.9 mm,Trung Quốc,2023,https://fptshop.com.vn/may-tinh-xach-tay/acer-aspire-3-a315-510p-34xz-i3-n305,Acer,Acer Aspire 3 A315-510P-34XZ i3 N305,Core i3,N305,15.6,1920 x 1080 Pixels,IPS,60,FHD,3 A315-510P-34XZ i3 N305
"Laptop Dell Inspiron 15 N3530 i7 1355U/16GB/512GB/15.6""FHD/NVIDIA MX550 2GB/Win11/Office HS21 (No.00902024)",25290000.0,25490000.0,"15.6 inch, 1920 x 1080 Pixels, WVA, 120 Hz, 250 nits, Anti-Glare LED-Backlit Display",i7,16,512.0,,Windows 11,1.6,"358,50 x 234,90 x 17,50 ",Trung Quốc,2023,https://fptshop.com.vn/may-tinh-xach-tay/dell-inspiron-15-n3530-i7-1355u-mx550,Dell,Dell Inspiron 15 N3530 i7 1355U,Core i7,1355U,15.6,1920 x 1080 Pixels,WVA,120,250 nits,15 N3530 i7 1355U
"Laptop MSI Gaming GF63 12UCX-841VN i5 12450H/8GB/512GB/15.6"" FHD/RTX2050_4GB/Win11 (No.00902058)",17990000.0,17990000.0,"15.6 inch, 1920 x 1080 Pixels, IPS, 144 Hz, 250 nits, FHD",i5,8,512.0,NVIDIA Geforce RTX 2050 4GB,Windows 11,1.8,359 x 254 x 21.7 mm,Trung Quốc,2023,https://fptshop.com.vn/may-tinh-xach-tay/msi-gaming-gf63-12ucx-841vn-i5-12450h,MSI,MSI Gaming GF63 12UCX-841VN i5 12450H,Core i5,12450H,15.6,1920 x 1080 Pixels,IPS,144,250 nits,GF63 12UCX-841VN i5 12450H
Laptop Acer Aspire 7 Gaming A715-76G-5806 i5 12450H/16GB/512GB/NVIDIA RTX3050 4GB/Win11 (No.00902037),19990000.0,22990000.0,"15.6  Chính: inch, 1920 x 1080 Pixels, IPS, 144  Màn hình chính: Hz, Acer ComfyView LED-backlit",i5,16,512.0,NVIDIA GeForce RTX 3050 4GB,Windows 11,2.1,36.23 x 23.74 x 1.99  (W x D x H) cm,Trung Quốc,2023,https://fptshop.com.vn/may-tinh-xach-tay/acer-aspire-7-gaming-a715-76g-5806-i5-12450h,Acer,Acer Aspire 7 Gaming A715-76G-5806 i5 12450H,Core i5,12450H,15.6,1920 x 1080 Pixels,IPS,144,Acer ComfyView LED-backlit,7 Gaming A715-76G-5806 i5 12450H
"Laptop Acer Aspire Lite AL15-51M-55NB i5-1155G7/8GB/512GB/15.6""FHD/Win11 (No.00906442)",12990000.0,12990000.0,"15.6 inch, 1920 x 1080 Pixels, IPS, 60, FHD",i5,8,512.0,Intel Iris Xe Graphics,Windows 11,1.7,360.4 x 239.3 x 19.7 mm,Trung Quốc,2023,https://fptshop.com.vn/may-tinh-xach-tay/acer-aspire-lite-al15-51m-55nb-i5-1155g7,Acer,Acer Aspire Lite AL15-51M-55NB i5-1155G7,Core i5,1155G7,15.6,1920 x 1080 Pixels,IPS,60,FHD,Lite AL15-51M-55NB i5-1155G7
"Laptop Gigabyte Gaming G5 MF-F2VN313SH i5 12450H/16GB/512GB/15.6""FHD/Geforce RTX4050 6GB/Win11 (No.00881860)",23290000.0,23290000.0,"15.6 inch, 1920 x 1080 Pixels, IPS, 144 Hz, Anti-Glare",i5,16,512.0,NVIDIA GeForce RTX 4050 6GB GDDR6; Intel Iris Xe Graphics,Windows 11,1.9,360(W) x 238(D) x  227(H) mm,Trung Quốc,2023,https://fptshop.com.vn/may-tinh-xach-tay/gigabyte-gaming-g5-mf-f2vn313sh-i5-12450h,Gigabyte,Gigabyte Gaming G5 MF-F2VN313SH i5 12450H,Core i5,12450H,15.6,1920 x 1080 Pixels,IPS,144,Anti-Glare,G5 MF-F2VN313SH i5 12450H
Laptop Asus TUF Gaming FA507NU-LP045W R7 7735HS/16GB/512GB/15.6''/Nvidia RTX 4050 6GB/Win11 (No.00904948),23490000.0,27990000.0,"15.6 inch, FHD (1920 x 1080), IPS, 144 Hz, FHD",Ryzen 7,16,512.0,NVIDIA GeForce RTX 4050 6GB GDDR6,Windows 11,2.2,35.4 x 25.1 x 2.24 ~ 2.49 cm,Trung Quốc,2023,https://fptshop.com.vn/may-tinh-xach-tay/asus-tuf-gaming-fa507nu-lp045w-r7-7735hs,Asus,Asus TUF Gaming FA507NU-LP045W R7 7735HS,Ryzen 7,7735HS,15.6,FHD (1920 x 1080),IPS,144,FHD,Gaming FA507NU-LP045W R7 7735HS
"Laptop Asus Vivobook Pro K3405VC-KM070W i9 13900H/16GB/512GB/14"" OLED 2.8K/GeForce RTX3050 4GB/Win11 (No.00879631)",26490000.0,33990000.0,"14.0 inch, 2880 x 1800 Pixels, IPS, 90 Hz, OLED",i9,16,512.0,NVIDIA GeForce RTX 3050 4GB,Windows 11,140,31.71 x 22.25 x 1.89 ~ 1.89 cm,Trung Quốc,2023,https://fptshop.com.vn/may-tinh-xach-tay/asus-vivobook-pro-k3405vc-km070w-i9-13900h,Asus,Asus Vivobook Pro K3405VC-KM070W i9 13900H,Core i9,13900H,14.0,2880 x 1800 Pixels,IPS,90,OLED,Pro K3405VC-KM070W i9 13900H
"Laptop Lenovo IdeaPad Slim 5 Light 14ABR8 R5 7530U/8GB/512GB/14""FHD/Win 11 (No.00906643)",12690000.0,16990000.0,"14 inch, 1920 x 1080 Pixels, IPS, 240, 300 nits, IPS LCD",Ryzen 5,8,512.0,AMD Radeon Graphics,Windows 11,1.1,324.1x215.7x17.1 mm,Trung Quốc,2023,https://fptshop.com.vn/may-tinh-xach-tay/lenovo-ideapad-slim-5-light-14abr8-r5-7530u,Lenovo,Lenovo IdeaPad Slim 5 Light 14ABR8 R5 7530U,Ryzen 5,7530U,14,1920 x 1080 Pixels,IPS,240,300 nits,Slim 5 Light 14ABR8 R5 7530U
"Laptop Asus TUF Gaming FX506HC-HN144W i5 11400H/8GB/512GB/15.6""FHD/GeForce RTX 3050 4GB/Win 11 (No.00807493)",21990000.0,21990000.0,"15.6 inch, 1920 x 1080 Pixels, IPS, 144 Hz, Anti-glare LED-backlit",i5,8,512.0,NVIDIA GeForce RTX 3050 4GB; Intel UHD Graphics,Windows 11,2.3,359.0 x 256.0 x 22.8 mm,Trung Quốc,2022,https://fptshop.com.vn/may-tinh-xach-tay/asus-tuf-gaming-fx506hc-hn144w-i5-11400h,Asus,Asus TUF Gaming FX506HC-HN144W i5 11400H,Core i5,11400H,15.6,1920 x 1080 Pixels,IPS,144,Anti-glare LED-backlit,Gaming FX506HC-HN144W i5 11400H
"Laptop HP 15-fd0083TU i7 1355U/16GB/512GB/15.6""FHD/Win11 (No.00900039)",22490000.0,22490000.0,"15.6 inch, 1920 x 1080 Pixels, SVA, 60 Hz, LCD",i7,16,512.0,,Windows 11,1.5,35.98 x 23.6 x 1.86 cm,Trung Quốc,2023,https://fptshop.com.vn/may-tinh-xach-tay/hp-15-fd0083tu-i7-1355u,HP,HP 15-fd0083TU i7 1355U,Core i7,1355U,15.6,1920 x 1080 Pixels,SVA,60,LCD,i7 1355U
"Laptop Lenovo IdeaPad Slim 5 16IAH8 i5 12450H/16GB/512GB/16""WUXGA/Win11 (No.00884149)",15490000.0,17490000.0,"16 inch, 1920 x 1200 Pixels, IPS, 60 Hz, 300 nits, Anti - Glare",i5,16,512.0,Intel UHD Graphics,Windows 11,1.8,356 x 251 x 17.9 mm,Trung Quốc,2023,https://fptshop.com.vn/may-tinh-xach-tay/lenovo-ideapad-slim-5-16iah8-i5-12450h,Lenovo,Lenovo IdeaPad Slim 5 16IAH8 i5 12450H,Core i5,12450H,16,1920 x 1200 Pixels,IPS,60,300 nits,Slim 5 16IAH8 i5 12450H
Laptop HP Pavilion 15-eg3112TU i7 1355U/16GB/512GB/15.6''FHD/Win11 (No.00900043),25290000.0,25290000.0,"15.6 inch, FHD (1920 x 1080), IPS, Hãng không công bố Hz, LCD",i7,16,512.0,,Windows 11,1.6,36.02 x 23.4 x 1.8 (W x D x H) cm,Trung Quốc,2023,https://fptshop.com.vn/may-tinh-xach-tay/hp-pavilion-15-eg3112tu-i7-1355u,HP,HP Pavilion 15-eg3112TU i7 1355U,Core i7,1335U,15.6,FHD (1920 x 1080),IPS,Hãn,LCD,15-eg3112TU i7 1355U
"Laptop Acer Gaming Aspire 5 A515-58GM-53CM i5 13420H/32GB/512GB/15.6""FHD/RTX2050 4GB/Win11 (No.00907314)",22990000.0,22990000.0,"15.6 inch, FHD (1920 x 1080), IPS, 144, FHD",i5,32,512.0,NVIDIA GeForce RTX 2050; Intel UHD Graphics,Windows 11,1.7,361  x 237  x 17.9 mm,Trung Quốc,2024,https://fptshop.com.vn/may-tinh-xach-tay/acer-gaming-aspire-5-a515-58g-53cm-i5-13420h,Acer,Acer Gaming Aspire 5 A515-58GM-53CM i5 13420H,Core i5,13420H,15.6,FHD (1920 x 1080),IPS,144,FHD,Aspire 5 A515-58GM-53CM i5 13420H
"Laptop Lenovo ThinkBook 14 G6 IRL i5-13500H/16GB/512GB/14""WUXGA/Win11 (No.00906632)",20890000.0,20890000.0,"14 inch, 1920 x 1200 Pixels, IPS, 60, 300 nits, Anti-Glare LED-Backlit Display",i5,16,512.0,Intel Iris Xe Graphics,Windows 11,1.3,313.5 x 224 x 16.9 mm,Trung Quốc,2023,https://fptshop.com.vn/may-tinh-xach-tay/lenovo-thinkbook-14-g6-irl-i5-13500h,Lenovo,Lenovo ThinkBook 14 G6 IRL i5-13500H,Core i5,13500H,14,1920 x 1200 Pixels,IPS,60,300 nits,14 G6 IRL i5-13500H
"Laptop MSI Gaming GF63 Thin 12UC-1006VN i5 12450H/16GB/512GB/15.6""FHD/Nvidia RTX 3050 4GB/Win11 (No.00904737)",19990000.0,19990000.0,"15.6 inch, 1920 x 1080 Pixels, IPS, 144 Hz, 250 nits, IPS",i5,16,512.0,NVIDIA GeForce RTX 3050 4GB; Intel UHD Graphics,Windows 11,1.8,359 x 254 x 21.7 mm,Trung Quốc,2023,https://fptshop.com.vn/may-tinh-xach-tay/msi-gaming-gf63-thin-12uc-1006vn-i5-12450h,MSI,MSI Gaming GF63 Thin 12UC-1006VN i5 12450H,Core i5,12450H,15.6,1920 x 1080 Pixels,IPS,144,250 nits,GF63 Thin 12UC-1006VN i5 12450H
Laptop MSI Gaming Raider GE77HX 12UHS-229VN i9 12900HX/64GB/2TB/17.3UHD/Nvidia RTX 3080Ti 16GB/Win11 (No.00882688),126990000.0,126990000.0,"17.3 inch, 3840 x 2160 Pixels, IPS, 120 Hz, IPS",i9,64,1024.0,NVIDIA GeForce RTX 3080 Ti 16GB; Intel Iris Xe Graphics,Windows 11,2.9,397 x 284 x 25.9 mm,Trung Quốc,2022,https://fptshop.com.vn/may-tinh-xach-tay/msi-gaming-raider-ge77hx-12uhs-229vn-i9-12900hx,MSI,MSI Gaming Raider GE77HX 12UHS-229VN i9 12900HX,Core i9,12900HX,17.3,3840 x 2160 Pixels,IPS,120,IPS,Raider GE77HX 12UHS-229VN i9 12900HX
MacBook Pro 14 2023 M3 Pro 11 CPU/14GPU/36GB/512GB (No.00905860),59990000.0,59990000.0,"14.2 inch, 3024 x 1964 Pixels, IPS, 120, 1600 nit, Liquid Retina XDR",M3 Pro,36,512.0,Apple M3 Pro 14-core GPU,Mac,1.6,1.55 x 31.26 x 22.12 cm,Trung Quốc,2023,https://fptshop.com.vn/may-tinh-xach-tay/macbook-pro-14-2023-m3-pro-11-cpu-14-gpu-36gb-512gb,Mac,Pro 14 2023 M3 Pro 11 CPU,M3 Pro,11-core,14.2,3024 x 1964 Pixels,IPS,120,1600 nit,2023 M3 Pro 11 CPU
MacBook Pro 14 2023 M3 Pro 12 CPU/18 GPU/18GB/1TB (No.00905256),59990000.0,59990000.0,"14.2 inch, 3024 x 1964 Pixels, IPS, 120 Hz, 1600 nit, Liquid Retina XDR",M3 Pro,18,1024.0,Apple M3 Pro 18-core GPU,Mac,1.6,"1,55 x 31,26 x 22,12 cm",Trung Quốc,2023,https://fptshop.com.vn/may-tinh-xach-tay/macbook-pro-14-2023-m3-pro-12-cpu-18-gpu-18gb-1tb,Mac,Pro 14 2023 M3 Pro 12 CPU,M3 Pro,12-Core,14.2,3024 x 1964 Pixels,IPS,120,1600 nit,2023 M3 Pro 12 CPU
Laptop Asus Zenbook 14 Duo OLED UX8406MA-PZ142W U9 185H/AI/32GB/1TB/14'' 3K Touch/Intel Arc Graphics/Win11 (No.00907523),58990000.0,59990000.0,"14 inch, 2880 x 1800 Pixels Màn hình chính:, OLED, 120, OLED",Core Ultra 9,32,1024.0,Intel Arc Graphics,Windows 11,1.6,31.35 x 21.79 x 1.46 ~ 1.99 cm,Trung Quốc,2024,https://fptshop.com.vn/may-tinh-xach-tay/asus-zenbook-14-duo-oled-ux8406ma-pz142w-u9-185h,Asus,Asus Zenbook 14 Duo OLED UX8406MA-PZ142W U9 185H,Core Ultra 9,185H,14,2880 x 1800 Pixels Màn hình chính:,OLED,120,OLED,14 Duo OLED UX8406MA-PZ142W U9 185H
"Laptop Lenovo ThinkPad X1 Carbon Gen 9 i7 1165G7/16GB/512GB/14""WUXGA/Win 11 (No.00825873)",47990000.0,52990000.0,"14.0 inch, 1920 x 1200 Pixels, IPS, 60 Hz, 400 nits, IPS",i7,16,512.0,Intel Iris Xe Graphics,Windows 11,1.1,315 x 221.6 x 14.9 mm,Trung Quốc,2022,https://fptshop.com.vn/may-tinh-xach-tay/lenovo-thinkpad-x1-carbon-gen-9-i7-1165g7-20xw00gdvn,Lenovo,Lenovo ThinkPad X1 Carbon Gen 9 i7 1165G7,Core i7,1165G7,14.0,1920 x 1200 Pixels,IPS,60,400 nits,X1 Carbon Gen 9 i7 1165G7
"Laptop MSI Gaming Sword 16 HX B14VGKG-038VN i7-14700HX/16GB/1TB/16""QHD+/RTX4070_8GB/Win11_Balo (No.00907721)",45990000.0,45990000.0,"16 inch, 2560 x 1600 Pixels, IPS, 240, 400 nits, QHD+",i7,16,1024.0,NVIDIA Geforce RTX 4070 8GB GDDR6,Windows 11,2.3,359 x 266.4 x 21.8-27.7 mm,Trung Quốc,2024,https://fptshop.com.vn/may-tinh-xach-tay/msi-gaming-sword-16-hx-b14vgkg-038vn-i7-14700hx,MSI,MSI Gaming Sword 16 HX B14VGKG-038VN i7-14700HX,Core i7,14700HX,16,2560 x 1600 Pixels,IPS,240,400 nits,Sword 16 HX B14VGKG-038VN i7-14700HX
"Laptop MSI Gaming Sword 16 HX B14VFKG-045VN i7 14700HX/16GB/1TB/16""QHD+/RTX4060 8GB/Win11/Balo (No.00907593)",39990000.0,39990000.0,"16 inch, 2560 x 1600 Pixels, IPS, 240, Anti-Glare LED-Backlit Display",i7,16,1024.0,NVIDIA GeForce RTX 4060 8GB,Windows 11,2.3,359 x 266.4 x 21.8-27.7 mm,Trung Quốc,2024,https://fptshop.com.vn/may-tinh-xach-tay/msi-gaming-sword-16-hx-b14vfkg-045vn-i7-14700hx,MSI,MSI Gaming Sword 16 HX B14VFKG-045VN i7 14700HX,Core i7,14700HX,16,2560 x 1600 Pixels,IPS,240,Anti-Glare LED-Backlit Display,Sword 16 HX B14VFKG-045VN i7 14700HX
"Laptop MSI Gaming Katana 15 B13VGK-1211VN i7 13620H/16GB/1TB/15.6""FHD/RTX 4070 8GB/Win11/Balo (No.00884858)",41990000.0,41990000.0,"15.6 inch, 1920 x 1080 Pixels, IPS, 144 Hz, 250 nits, IPS FHD",i7,16,1024.0,NVIDIA Geforce RTX 4070 8GB GDDR6; Intel Iris Xe Graphics,Windows 11,2.2,359 x 259 x 24.9 mm,Trung Quốc,2023,https://fptshop.com.vn/may-tinh-xach-tay/msi-gaming-katana-15-b13vgk-1211vn-i7-13620h,MSI,MSI Gaming Katana 15 B13VGK-1211VN i7 13620H,Core i7,13620H,15.6,1920 x 1080 Pixels,IPS,144,250 nits,Katana 15 B13VGK-1211VN i7 13620H
MacBook Pro 14 2023 M3 8 CPU/10 GPU/8GB/512GB (No.00905263),38790000.0,39990000.0,"14.2 inch, 3024 x 1964 Pixels, IPS, 120 Hz, 1600 nit, Liquid Retina XDR",M3,8,512.0,Apple M3 8-core GPU,Mac,1.5,"1,55 x 31,26 x 22,12 cm",Trung Quốc,2023,https://fptshop.com.vn/may-tinh-xach-tay/macbook-pro-14-2023-m3-8-cpu-10-gpu-8gb?dung-luong=512gb,Mac,Pro 14 2023 M3 8 CPU,M3,8 - Core,14.2,3024 x 1964 Pixels,IPS,120,1600 nit,2023 M3 8 CPU
"Laptop MSI Creator M16 B13VE-830VN i7 13700H/16GB/512GB SSD/16""FHD/RTX4050 8GB/Win 11 (No.00881433)",39990000.0,39990000.0,"16.0 inch, 1920 x 1200 Pixels, IPS, 144 Hz, IPS",i7,16,512.0,NVIDIA GeForce RTX 4050 6GB GDDR6,Windows 11,2.2,359 x 259 x 23.95 mm,Trung Quốc,2023,https://fptshop.com.vn/may-tinh-xach-tay/msi-creator-m16-b13ve-830vn-i7-13700h,MSI,MSI Creator M16 B13VE-830VN i7 13700H,Core i7,13700H,16.0,1920 x 1200 Pixels,IPS,144,IPS,M16 B13VE-830VN i7 13700H
"Laptop Acer Swift Edge SFA16-41-R3L6 R7 6800U/16GB/1TB/16"" WQUXGA/Win11 (No.00884868)",34990000.0,39990000.0,"16.0  Chính: inch, 3840 x 2400 Pixels Màn hình chính:, OLED, 60  Màn hình chính: Hz, Acer CineCrystalTM LED-backlit TFT LCD Chính:",Ryzen 7,16,1024.0,AMD Radeon Graphics,Windows 11,1.1,356.7 (W) x 242.3 (D) x 12.95/13.95 (H) mm,Trung Quốc,2022,https://fptshop.com.vn/may-tinh-xach-tay/acer-swift-edge-sfa16-41-r3l6-r7-6800u,Acer,Acer Swift Edge SFA16-41-R3L6 R7 6800U,Ryzen 7,6800H,16.0,3840 x 2400 Pixels Màn hình chính:,OLED,60,Acer CineCrystalTM LED-backlit TFT LCD Chính:,Edge SFA16-41-R3L6 R7 6800U
Macbook Air M3 15 2024 8CPU 10GPU/8GB/256GB (No.00907139),32990000.0,32990000.0,"15.3 inch, 2880 x 1864 Pixels, IPS, 60, 500 nits, Liquid Retina",M3,8,256.0,,Mac,1.5,34.04 x 23.76 x 1.15 cm,Trung Quốc,2024,https://fptshop.com.vn/may-tinh-xach-tay/macbook-air-m3-15-2024-8cpu-10gpu-8gb?dung-luong=256gb,Mac,Air M3 15 2024 8CPU 10GPU,M3,8 - Core,15.3,2880 x 1864 Pixels,IPS,60,500 nits,15 2024 8CPU 10GPU
"Laptop Lenovo Gaming LOQ - 15IRX9 i7 13650HX/AI/16GB/512GB/15.6""FHD/RTX4060 8GB/Win 11 (No.00906625)",33990000.0,33990000.0,"15.6 inch, 1920 x 1080 Pixels, IPS, 144, 300 nits, Anti -glare LED-Backlit Display",i7,16,512.0,NVIDIA GeForce RTX 4060 8GB,Windows 11,2.3,359.86 x 258.7 x 21.9-23.9 mm,Trung Quốc,2023,https://fptshop.com.vn/may-tinh-xach-tay/lenovo-gaming-loq-15irx9-i7-13650hx?card-do-hoa=rtx4060-8gb,Lenovo,Lenovo Gaming LOQ - 15IRX9 i7 13650HX,Core i7,13650HX,15.6,1920 x 1080 Pixels,IPS,144,300 nits,LOQ - 15IRX9 i7 13650HX
Laptop Asus TUF Gaming F15 FX507VU-LP197W i7 13620H/32GB/512GB/15.6'' 144Hz/Nvidia RTX 4050 6GB/Win 11 (No.00906614),30990000.0,33990000.0,"15.6 inch, 1920 x 1200 Pixels, IPS, 144, Anti-Glare",i7,32,512.0,NVIDIA GeForce RTX 4050 6GB GDDR6; Intel Iris Xe Graphics,Windows 11,2.2,35.4 x 25.1 x 2.24 ~ 2.49 cm,Trung Quốc,2023,https://fptshop.com.vn/may-tinh-xach-tay/asus-tuf-gaming-f15-fx507vu-lp197w-i7-13620h,Asus,Asus TUF Gaming F15 FX507VU-LP197W i7 13620H,Core i7,13620H,15.6,1920 x 1200 Pixels,IPS,144,Anti-Glare,Gaming F15 FX507VU-LP197W i7 13620H
"Laptop MSI Gaming Katana A15 AI B8VF-419VN R7-8845HS/16GB/512GB/15.6""FHD/RTX4060_8GB/Win11_Balo (No.00907723)",30990000.0,30990000.0,"15.6 inch, 1920 x 1080 Pixels, IPS, 144, 250 nits, FHD",Ryzen 7,16,512.0,NVIDIA GeForce RTX 4060 8GB,Windows 11,2.2,359 x 259 x 24.9 mm,Trung Quốc,2024,https://fptshop.com.vn/may-tinh-xach-tay/msi-gaming-katana-a15-ai-b8vf-419vn-r7-8845hs,MSI,MSI Gaming Katana A15 AI B8VF-419VN R7-8845HS,Ryzen 7,8845HS,15.6,1920 x 1080 Pixels,IPS,144,250 nits,Katana A15 AI B8VF-419VN R7-8845HS
Macbook Air M2 13 inch 2022 8CPU 10GPU/16GB/256GB (No.00907331),29990000.0,29990000.0,"13.6 inch, 2560 x 1644 Pixels, IPS, 60, Retina",M2,16,256.0,,Mac,1.2,30.41 x 21.5 x 1.13 cm,Trung Quốc,2022,https://fptshop.com.vn/may-tinh-xach-tay/macbook-air-m2-13-inch-2022-8cpu-10gpu-16gb?dung-luong=256gb,Mac,Air M2 13 inch 2022 8CPU 10GPU,M2,8 - Core,13.6,2560 x 1644 Pixels,IPS,60,Retina,13 inch 2022 8CPU 10GPU
"Laptop MSI Gaming Cyborg 15 AI A1VE-053VN Ultra 7 155H/16GB/512GB/15.6""FHD/RTX4050 6GB/Win11/Balo (No.00906451)",30990000.0,30990000.0,"15.6 inch, 1920 x 1080 Pixels, IPS, 144, Anti-Glare LED-Backlit Display",Core Ultra 7,16,512.0,NVIDIA GeForce RTX 4050 6GB GDDR6,Windows 11,1.9,359.36 x 250.34 x 21.95-22.9 mm,Trung Quốc,2024,https://fptshop.com.vn/may-tinh-xach-tay/msi-gaming-cyborg-15-ai-a1ve-053vn-ultra-7-155h,MSI,MSI Gaming Cyborg 15 AI A1VE-053VN Ultra 7 155H,Core Ultra 7,155H,15.6,1920 x 1080 Pixels,IPS,144,Anti-Glare LED-Backlit Display,Cyborg 15 AI A1VE-053VN Ultra 7 155H
"Laptop Asus Zenbook Flip UP3404VA-KN039W i7 1360P/16GB/512GB/14"" OLED Touch/Win11 (No.00890477)",29990000.0,33990000.0,"14 inch, 2880 x 1800 Pixels, 2880 x 1800 Pixels Màn hình chính:, IPS, 90 Hz, 400 nits, OLED",i7,16,512.0,Intel UHD Graphics 605,Windows 11,1.5,31.15 x 22.34 x 1.59 cm,Trung Quốc,2023,https://fptshop.com.vn/may-tinh-xach-tay/asus-zenbook-flip-up3404va-kn039w-i7-1360p,Asus,Asus Zenbook Flip UP3404VA-KN039W i7 1360P,Core i7,1360P,14,2880 x 1800 Pixels,2880 x 1800 Pixels Màn hình chính:,IPS,90 Hz,Flip UP3404VA-KN039W i7 1360P
"Laptop MSI Gaming Katana 15 B13VFK-676VN i7 13620H/16GB/1TB/Geforce RTX 4060 8GB/15.6""FHD/Win11 - Balo (No.00863509)",29990000.0,31990000.0,"15.6 inch, 1920 x 1080 Pixels, IPS, 144 Hz, IPS",i7,16,1024.0,NVIDIA GeForce RTX 4060 8GB; Intel UHD Graphics,Windows 11,2.2,359 x 259 x 24.9 mm,Trung Quốc,2023,https://fptshop.com.vn/may-tinh-xach-tay/msi-gaming-katana-15-b13vfk-676vn-i7-13620h,MSI,MSI Gaming Katana 15 B13VFK-676VN i7 13620H,Core i7,13620H,15.6,1920 x 1080 Pixels,IPS,144,IPS,Katana 15 B13VFK-676VN i7 13620H
"Laptop LG Gram 14T90R-G.AH55A5 i5 1340P/16GB/512GB/14""WUXGA/Win11 (No.00881938)",28990000.0,37990000.0,"14.0 inch, 1920 x 1200 Pixels, IPS, 60 Hz, Anti - Glare",i5,16,512.0,Intel Iris Plus Graphics,Windows 11,1.2,31.4 x 21.95 x 1.68 cm,Trung Quốc,2023,https://fptshop.com.vn/may-tinh-xach-tay/lg-gram-14t90r-gah55a5-i5-1340p,LG,LG Gram 14T90R-G.AH55A5 i5 1340P,Core i5,1340P,14.0,1920 x 1200 Pixels,IPS,60,Anti - Glare,14T90R-G.AH55A5 i5 1340P
"Laptop Asus TUF Gaming FX507ZV4-LP042W i7 12700H/16GB/512GB/15.6""/Nvidia RTX 4060 8GB/Win11 (No.00898378)",33490000.0,33490000.0,"15.6 inch, 1920 x 1080 Pixels, 1920 x 1080 Pixels Màn hình chính:, IPS, 144 Hz, Anti-Glare",i7,16,512.0,NVIDIA GeForce RTX 4060 8GB,Windows 11,2.2,35.4 x 25.1 x 2.24 cm,Trung Quốc,2023,https://fptshop.com.vn/may-tinh-xach-tay/asus-tuf-gaming-fx507zv4-lp042w-i7-12700u,Asus,Asus TUF Gaming FX507ZV4-LP042W i7 12700H,Core i7,12700H,15.6,1920 x 1080 Pixels,1920 x 1080 Pixels Màn hình chính:,IPS,144 Hz,Gaming FX507ZV4-LP042W i7 12700H
"Laptop MSI Gaming Katana A15 AI B8VE-402VN R7 8845HS/16GB/512GB/15.6""FHD/RTX4050 6GB/Win 11/Balo (No.00906452)",28990000.0,28990000.0,"15.6 inch, 1920 x 1080 Pixels, IPS, 144, Anti-Glare LED-Backlit Display",Ryzen 7,16,512.0,NVIDIA GeForce RTX 4050 6GB GDDR6,Windows 11,2.2,359 x 259 x 24.9 mm,Trung Quốc,2024,https://fptshop.com.vn/may-tinh-xach-tay/msi-gaming-katana-a15-ai-b8ve-402vn-r7-8845hs,MSI,MSI Gaming Katana A15 AI B8VE-402VN R7 8845HS,Ryzen 7,8845HS,15.6,1920 x 1080 Pixels,IPS,144,Anti-Glare LED-Backlit Display,Katana A15 AI B8VE-402VN R7 8845HS
"Laptop Dell Inspiron 14 2in1 T7430 i7 1355U/16GB/512GB/14.0"" FHD+/Win11/Office HS21/Bút (No.00904931)",28490000.0,29490000.0,"14 inch, 1920 x 1200 Pixels, WVA, 60 Hz, 250 nits, Wide-Viewing Angle (WVA)",i7,16,512.0,Intel Iris Xe Graphics,Windows 11,1.6,314 x 226.56 x 15.54~17.47 mm,Trung Quốc,2023,https://fptshop.com.vn/may-tinh-xach-tay/dell-inspiron-14-2in1-t7430-i7-1355u,Dell,Dell Inspiron 14 2in1 T7430 i7 1355U,Core i7,1355U,14,1920 x 1200 Pixels,WVA,60,250 nits,14 2in1 T7430 i7 1355U
"Laptop Asus Zenbook 14 OLED UX3405MA-PP151W Intel Core Ultra 5 125H/AI/ 16GB/512GB/14"" 3K/Intel Arc Graphics/Win11 (No.00905799)",27990000.0,28990000.0,"14 inch, 2880 x 1800 Pixels, OLED, 120, OLED",Ultra 5 Meteor Lake,16,512.0,Intel Arc Graphics,Windows 11,1.2,31.24 x 22.01 x 1.49 ~ 1.49 cm,Trung Quốc,2023,https://fptshop.com.vn/may-tinh-xach-tay/asus-zenbook-14-oled-ux3405ma-pp151w-ultra-5-125h,Asus,Asus Zenbook 14 OLED UX3405MA-PP151W Intel Core Ultra 5 125H,Ultra 5 Meteor Lake,Core Ultra 5,14,2880 x 1800 Pixels,OLED,120,OLED,14 OLED UX3405MA-PP151W Intel Core Ultra 5 125H
Macbook Air M3 13 2024 8CPU 8GPU/8GB/256GB (No.00907149),27990000.0,27990000.0,"13.6 inch, 2560 x 1644 Pixels, IPS, 60, 500 nits, Liquid Retina",M3,8,256.0,,Mac,1.2,30.41 x 21.5 x 1.13 cm,Trung Quốc,2024,https://fptshop.com.vn/may-tinh-xach-tay/macbook-air-m3-13-2024-8cpu-8gpu-8gb-256gb,Mac,Air M3 13 2024 8CPU 8GPU,M3,8 - Core,13.6,2560 x 1644 Pixels,IPS,60,500 nits,13 2024 8CPU 8GPU
MacBook Air 15 inch M2 2023 8CPU 10GPU 8GB/256GB (No.00881927),32890000.0,32890000.0,"15.3 inch, 2960 x 1848 Pixels, 2880 x 1800 Pixels, OLED, 60 Hz, 500 nits, Liquid Retina",M2,8,512.0,Apple M2 GPU 10 nhân,Mac,1.5,23.76 x 34.04 x 1.15 cm,Trung Quốc,2023,https://fptshop.com.vn/may-tinh-xach-tay/macbook-air-m2-2023-15-inch?dung-luong=256gb,Mac,Air 15 inch M2 2023 8CPU 10GPU 8GB,M2,8 - Core,15.3,2960 x 1848 Pixels,2880 x 1800 Pixels,OLE,60 Hz,inch M2 2023 8CPU 10GPU 8GB
"Laptop Acer Swift Go AI SFG14-73-71ZX Intel Core Ultra 7 155H/16GB/512GB/14"" 2.8K/Intel Arc Graphics/Win11 (No.00907712)",26990000.0,26990000.0,"14 inch, 2880 x 1800 Pixels, IPS, 60, Acer ComfyView LED-backlit",Core Ultra 7,16,512.0,Intel Arc Graphics,Windows 11,1.3,31.29 x 21.79  x 1.49 cm,Trung Quốc,2024,https://fptshop.com.vn/may-tinh-xach-tay/acer-swift-go-ai-sfg14-73-71zx-ultra-7-155H,Acer,Acer Swift Go AI SFG14-73-71ZX Intel Core Ultra 7 155H,Core Ultra 7,155H,14,2880 x 1800 Pixels,IPS,60,Acer ComfyView LED-backlit,Go AI SFG14-73-71ZX Intel Core Ultra 7 155H
"Laptop Acer Nitro V Gaming ANV15-51-55CA i5 13420H/16GB/512GB/15.6""FHD/Nvidia RTX 4050 6GB/Win11 (No.00905038)",27990000.0,27990000.0,"15.6 inch, FHD (1920 x 1080), IPS, 144 Hz, 250 nits, Acer ComfyView LED-backlit",i5,16,512.0,NVIDIA GeForce RTX 4050 6GB GDDR6; Intel UHD Graphics,Windows 11,2.1,362.3 x 239.89  x 22.9/26.9 mm,Trung Quốc,2023,https://fptshop.com.vn/may-tinh-xach-tay/acer-nitro-v-gaming-anv15-51-55ca-i5-13420h,Acer,Acer Nitro V Gaming ANV15-51-55CA i5 13420H,Core i5,13420H,15.6,FHD (1920 x 1080),IPS,144,250 nits,V Gaming ANV15-51-55CA i5 13420H
"Laptop Asus Zenbook 14 OLED UX3402VA-KM068W i7-1360P/16GB/512GB/14""OLED/Win11 (No.00904738)",31990000.0,31990000.0,"14 inch, 2880 x 1800 Pixels, OLED, 90 Hz, OLED",i7,16,512.0,,Windows 11,139,31.36 x 22.06 x 1.69 cm,Trung Quốc,2023,https://fptshop.com.vn/may-tinh-xach-tay/asus-zenbook-14-oled-ux3402va-km068w-i7-1360p,Asus,Asus Zenbook 14 OLED UX3402VA-KM068W i7-1360P,Core i7,1360P,14,2880 x 1800 Pixels,OLED,90,OLED,14 OLED UX3402VA-KM068W i7-1360P
"Laptop MSI Prestige 14Evo B13M-401VN i5 13500H/16GB/512GB/14""FHD/Win 11 (No.00888834)",26990000.0,26990000.0,"14.0 inch, 1920 x 1200 Pixels, IPS, 144 Hz, IPS",i5,16,512.0,Intel Iris Xe Graphics,Windows 11,1.4,314 x 227.5 x 17.9 mm,Trung Quốc,2023,https://fptshop.com.vn/may-tinh-xach-tay/msi-prestige-14evo-b13m-401vn-i5-13500h,MSI,MSI Prestige 14Evo B13M-401VN i5 13500H,Core i5,13500H,14.0,1920 x 1200 Pixels,IPS,144,IPS,14Evo B13M-401VN i5 13500H
"Laptop Acer Swift 3 SF314-512-741L i7 1260P/16GB/1T/14"" QHD/Win11 (No.00884870)",30490000.0,30490000.0,"14.0  Chính: inch, 2560 x 1440 Pixels Màn hình chính:, IPS, 60  Màn hình chính: Hz, Acer ComfyView LED-backlit Chính:",i7,16,1024.0,Intel Iris Xe Graphics,Windows 11,1.2,321 (W) x 210.8 (D) x 15.9 (H) mm,Trung Quốc,2022,https://fptshop.com.vn/may-tinh-xach-tay/acer-swift-3-sf314-512-741l-i7-1260p,Acer,Acer Swift 3 SF314-512-741L i7 1260P,Core i7,1260P,14.0,2560 x 1440 Pixels Màn hình chính:,IPS,60,Acer ComfyView LED-backlit Chính:,3 SF314-512-741L i7 1260P
Laptop Asus TUF Gaming FA507NV-LP046W R7 7735HS/8GB/512GB/GeForce RTX 4060 8GB/Win11 (No.00879626),25490000.0,31490000.0,"15.6 inch, 1920 x 1080 Pixels, IPS, 144 Hz, 250 nits, FHD",Ryzen 7,8,512.0,NVIDIA GeForce RTX 4060 8GB; AMD Radeon Graphics,Windows 11,2.2,35.4 x 25.1 x 2.24 ~ 2.49 cm,Trung Quốc,2023,https://fptshop.com.vn/may-tinh-xach-tay/asus-tuf-gaming-fa507nv-lp046w-r7-7735hs,Asus,Asus TUF Gaming FA507NV-LP046W R7 7735HS,Ryzen 7,7735HS,15.6,1920 x 1080 Pixels,IPS,144,250 nits,Gaming FA507NV-LP046W R7 7735HS
MacBook Air 13 inch M2 2022 8CPU 8GPU 8GB/256GB (No.00818146),27990000.0,27990000.0,"13.6 inch, 2560 x 1644 Pixels, IPS, 60 Hz, 500 nits, Retina",M2,8,256.0,Apple M2 GPU 8 nhân,Mac,1.2,30.41 x 21.5 x 1.13 cm,Trung Quốc,2022,https://fptshop.com.vn/may-tinh-xach-tay/macbook-air-m2-2022-13-inch?dung-luong=256gb,Mac,Air 13 inch M2 2022 8CPU 8GPU 8GB,M2,8 - Core,13.6,2560 x 1644 Pixels,IPS,60,500 nits,inch M2 2022 8CPU 8GPU 8GB
"Laptop HP ProBook 440 G10 i7 1360P/16GB/512GB/14""FHD Touch/Win11 (No.00888666)",27490000.0,27490000.0,"14.0 inch, 1920 x 1080 Pixels, IPS, 60 Hz, Anti-glare LED UWVA",i7,16,512.0,Intel UHD Graphics,Windows 11,1.3,32.19 x 21.39 x 1.99 cm,Trung Quốc,2023,https://fptshop.com.vn/may-tinh-xach-tay/hp-probook-440-g10-i7-1360p,HP,HP ProBook 440 G10 i7 1360P,Core i7,1360P,14.0,1920 x 1080 Pixels,IPS,60,Anti-glare LED UWVA,440 G10 i7 1360P
"Laptop Gigabyte Gaming G5 MF5-H2VN353SH i7 13620H/16GB/512GB/15.6""FHD/RTX4050_6GB/Win11 (No.00906648)",27990000.0,27990000.0,"15.6 inch, 1920 x 1080 Pixels, IPS, 144, Anti-Glare LED-Backlit Display",i7,16,512.0,NVIDIA GeForce RTX 4050 6GB GDDR6; Intel Iris Xe Graphics,Windows 11,2.0,360 x 238 x  2.27 mm,Trung Quốc,2023,https://fptshop.com.vn/may-tinh-xach-tay/gigabyte-gaming-g5-mf5-h2vn353Sh-i7-13620h,Gigabyte,Gigabyte Gaming G5 MF5-H2VN353SH i7 13620H,Core i7,13620H,15.6,1920 x 1080 Pixels,IPS,144,Anti-Glare LED-Backlit Display,G5 MF5-H2VN353SH i7 13620H
"Laptop Acer Swift Go AI SFG14-73-53X7 Intel Core Ultra 5 125H/16GB/512GB/14"" 2.8K/Intel Arc Graphics/Win11 (No.00907711)",23990000.0,23990000.0,"14 inch, 2880 x 1800 Pixels, IPS, 60, Acer ComfyView LED-backlit",Core Ultra 5,16,512.0,Intel Arc Graphics,Windows 11,1.3,31.29 x 21.79  x 1.49 cm,Trung Quốc,2024,https://fptshop.com.vn/may-tinh-xach-tay/acer-swift-so-ai-sfg14-73-53x7-ultra-5-125h,Acer,Acer Swift Go AI SFG14-73-53X7 Intel Core Ultra 5 125H,Core Ultra 5,125H,14,2880 x 1800 Pixels,IPS,60,Acer ComfyView LED-backlit,Go AI SFG14-73-53X7 Intel Core Ultra 5 125H
Laptop Asus TUF Gaming FA507NU-LP034W R7 7735HS/8GB/512GB/GeForce RTX 4050 6GB/Win11 (No.00879624),23990000.0,26990000.0,"15.6 inch, 1920 x 1080 Pixels, IPS, 144 Hz, IPS FHD",Ryzen 7,8,512.0,,Windows 11,2.2,35.4 x 25.1 x 2.24 ~ 2.49 cm,Trung Quốc,2023,https://fptshop.com.vn/may-tinh-xach-tay/asus-tuf-gaming-fa507nu-lp034w-r7-7735hs,Asus,Asus TUF Gaming FA507NU-LP034W R7 7735HS,Ryzen 7,7735HS,15.6,1920 x 1080 Pixels,IPS,144,IPS FHD,Gaming FA507NU-LP034W R7 7735HS
"Laptop Gigabyte Gaming G5 KF-E3VN313SH i5 12500H/16GB/512GB/15.6""FHD/RTX4060 8GB/Win11 (No.00875578)",26490000.0,26490000.0,"15,6 inch, 1920 x 1080 Pixels, IPS, 144 Hz, FHD",i5,16,512.0,NVIDIA GeForce RTX 4060 8GB; Intel Iris Xe Graphics,Windows 11,1.9,360 x 238 x 22.7 mm,Trung Quốc,2023,https://fptshop.com.vn/may-tinh-xach-tay/gigabyte-gaming-g5-kf-e3vn313sh-i5-12500h,Gigabyte,Gigabyte Gaming G5 KF-E3VN313SH i5 12500H,Core i5,12500H,15,6 inch,1920 x 1080 Pixels,IPS,144 Hz,G5 KF-E3VN313SH i5 12500H
"Laptop Asus Vivobook Flip TP3402VA-LZ118W i9 13900H/16GB/512GB/14""Touch/Win11 (No.00904510)",22990000.0,26490000.0,"14 inch, 1920 x 1200 Pixels, IPS, 60 Hz, LED Backlit",i9,16,512.0,Intel Iris Xe Graphics,Windows 11,1.5,31.32 x 22.76 x 1.89 mm,Trung Quốc,2023,https://fptshop.com.vn/may-tinh-xach-tay/asus-vivobook-flip-tp3402va-lz118w-i9-13900h,Asus,Asus Vivobook Flip TP3402VA-LZ118W i9 13900H,Core i9,13900H,14,1920 x 1200 Pixels,IPS,60,LED Backlit,Flip TP3402VA-LZ118W i9 13900H
"Laptop Lenovo Yoga Slim 6 14IRH8 i7 13700H/16GB/512GB/14""WUXGA OLED/Win11/Office HS21 (No.00905057)",22990000.0,24990000.0,"14 inch, 1920 x 1200 Pixels, IPS, 60 Hz, 400 nits, OLED",i7,16,512.0,Intel Iris Xe Graphics,Windows 11,1.3,312 x 221 x 14.9 mm,Trung Quốc,2023,https://fptshop.com.vn/may-tinh-xach-tay/lenovo-yoga-slim-6-14irh8-i7-13700h,Lenovo,Lenovo Yoga Slim 6 14IRH8 i7 13700H,Core i7,13700H,14,1920 x 1200 Pixels,IPS,60,400 nits,Slim 6 14IRH8 i7 13700H
"Laptop Gigabyte Gaming G5 MF5-52VN353SH i5 13500H/16GB/512GB/15.6""FHD/RTX4050_6GB/Win11 (No.00906646)",22990000.0,25790000.0,"15.6 inch, 1920 x 1080 Pixels, IPS, 144, Anti-Glare LED-Backlit Display",i5,16,512.0,NVIDIA GeForce RTX 4050 6GB GDDR6; Intel Iris Xe Graphics,Windows 11,2.0,360 x 238 x  2.27 mm,Trung Quốc,2023,https://fptshop.com.vn/may-tinh-xach-tay/gigabyte-gaming-g5-mf5-52vn353sh-i5-13500h,Gigabyte,Gigabyte Gaming G5 MF5-52VN353SH i5 13500H,Core i5,13500H,15.6,1920 x 1080 Pixels,IPS,144,Anti-Glare LED-Backlit Display,G5 MF5-52VN353SH i5 13500H
"Laptop HP Gaming Victus 16-s0078AX R5-7640HS/16GB/512GB/16.1""FHD/Nvidia RTX3050 6GB/Win11 (No.00900041)",22490000.0,27390000.0,"16.0 inch, 1920 x 1080 Pixels, WVA, 60 Hz, Anti-glare LED UWVA",Ryzen 5,16,512.0,,Windows 11,2.3,36.9 x 25.94 x 2.29 cm,Trung Quốc,2023,https://fptshop.com.vn/may-tinh-xach-tay/hp-gaming-victus-16-s0078ax-r5-7640hs,HP,HP Gaming Victus 16-s0078AX R5-7640HS,Ryzen 5,7640HS,16.0,1920 x 1080 Pixels,WVA,60,Anti-glare LED UWVA,Victus 16-s0078AX R5-7640HS
"Laptop Asus Vivobook S3405VA-KM071W i9 13900H/16GB/512GB/14"" 2.8K OLED//Win11 (No.00879628)",22490000.0,26990000.0,"14.0 inch, 2880 x 1800 Pixels, OLED, 90 Hz, OLED",i9,16,512.0,Intel Iris Xe Graphics,Windows 11,1.4,31.71 x 22.25 x 1.89 ~ 1.89 cm,Trung Quốc,2023,https://fptshop.com.vn/may-tinh-xach-tay/asus-vivobook-s3405va-km071w-i9-13900h,Asus,Asus Vivobook S3405VA-KM071W i9 13900H,Core i9,13900H,14.0,2880 x 1800 Pixels,OLED,90,OLED,S3405VA-KM071W i9 13900H
"Laptop Lenovo ThinkPad E16 G1 i5 13500H/16GB/512GB/16""WUXGA/Win 11 (No.00907329)",22900000.0,22900000.0,"16 inch, 1920 x 1200 Pixels, IPS, 60, 300 nits, Anti-Glare",i5,16,512.0,Intel Iris Xe Graphics,Windows 11,1.8,356.1 x 247.7 x 19.85 mm,Trung Quốc,2023,https://fptshop.com.vn/may-tinh-xach-tay/lenovo-thinkpad-e16-g1-i5-13500h,Lenovo,Lenovo ThinkPad E16 G1 i5 13500H,Core i5,13500H,16,1920 x 1200 Pixels,IPS,60,300 nits,E16 G1 i5 13500H
"Laptop Asus Vivobook S3504VA-L1227WS i7 1360P/16GB/512GB/15.6"" FHD OLED/Win11 (No.00881387)",25990000.0,25990000.0,"15.6 inch, 1920 x 1080 Pixels, IPS, 60 Hz, 550 nits, OLED",i7,16,512.0,,Windows 11,1.7,35.97 x 23.25 x 1.79 ,Trung Quốc,2023,https://fptshop.com.vn/may-tinh-xach-tay/asus-vivobook-s3504va-l1227ws-i7-1360p,Asus,Asus Vivobook S3504VA-L1227WS i7 1360P,Core i7,1360P,15.6,1920 x 1080 Pixels,IPS,60,550 nits,S3504VA-L1227WS i7 1360P
"Laptop Acer Nitro Gaming AN515-58-769J i7 12700H/8GB/512GB/15.6""FHD/GeForce RTX 3050 4GB/Win11 (No.00834736)",21990000.0,29990000.0,"15.6 inch, 1920 x 1080 Pixels, IPS, 144 Hz, Acer ComfyView LED-backlit",i7,8,512.0,NVIDIA GeForce RTX 3050 4GB,Windows 11,2.5,360.4 x 271.09 x 25.9 mm,Trung Quốc,2022,https://fptshop.com.vn/may-tinh-xach-tay/acer-nitro-gaming-an515-58-769j-i7-12700h,Acer,Acer Nitro Gaming AN515-58-769J i7 12700H,Core i7,12700H,15.6,1920 x 1080 Pixels,IPS,144,Acer ComfyView LED-backlit,Gaming AN515-58-769J i7 12700H
"Laptop Acer Swift X SFX16-51G-50GS i5 11320H/16GB/512GB/GeForce RTX3050 4GB/16.1"" FHD/Win 11 (No.00884872)",21990000.0,30990000.0,"16.1  Chính: inch, FHD (1920 x 1080) Màn hình chính:, IPS, 60  Màn hình chính: Hz, Acer ComfyView LED-backlit Chính:",i5,16,512.0,,Windows 11,1.9,367.8 (W) x 236.1 (D) x 18.9 (H) mm,Trung Quốc,2021,https://fptshop.com.vn/may-tinh-xach-tay/acer-swift-x-sfx16-51g-50gs-i5-11320h,Acer,Acer Swift X SFX16-51G-50GS i5 11320H,Core i5,11320H,16.1,FHD (1920 x 1080) Màn hình chính:,IPS,60,Acer ComfyView LED-backlit Chính:,X SFX16-51G-50GS i5 11320H
"Laptop Lenovo Thinkpad T14s Gen 2 i5 1145G7/16GB/512GB/14"" FHD/Win 11 (No.00905155)",22990000.0,22990000.0,"14 inch, 1920 x 1200 Pixels, IPS, 60 Hz, 300 nits, Anti-Glare",i5,16,512.0,Intel Iris Xe Graphics,Windows 11,1.5,327.5 x 225.3 x 16.81 mm,Trung Quốc,2023,https://fptshop.com.vn/may-tinh-xach-tay/lenovo-thinkpad-t14s-gen-2-i5-1145g7,Lenovo,Lenovo Thinkpad T14s Gen 2 i5 1145G7,Core i5,1145G7,14,1920 x 1200 Pixels,IPS,60,300 nits,T14s Gen 2 i5 1145G7
Laptop Acer Nitro 5 Tiger Gaming AN515-58-52SP i5 12500H/8GB/512GB SSD/GeForce RTX 3050 4GB/Win11 (No.00798025),20990000.0,29490000.0,"15.6 inch, 1920 x 1080 Pixels, IPS, 144 Hz, Acer ComfyView LED-backlit",i5,8,512.0,NVIDIA GeForce RTX 3050 4GB; Intel Iris Xe Graphics,Windows 11,2.5,360.4 x 271.09 x 25.9 mm,Trung Quốc,2022,https://fptshop.com.vn/may-tinh-xach-tay/acer-nitro-gaming-an515-58-52sp-i5-12500h,Acer,Acer Nitro 5 Tiger Gaming AN515-58-52SP i5 12500H,Core i5,12500H,15.6,1920 x 1080 Pixels,IPS,144,Acer ComfyView LED-backlit,5 Tiger Gaming AN515-58-52SP i5 12500H
"Laptop HP ProBook 440 G10 i5 1340P/16GB/512GB/14""FHD Touch/Win11 (No.00888665)",23290000.0,23290000.0,"14.0 inch, 1920 x 1080 Pixels, IPS, 60 Hz, Anti-glare LED UWVA",i5,16,512.0,,Windows 11,1.3,32.19 x 21.39 x 1.99 cm,Trung Quốc,2023,https://fptshop.com.vn/may-tinh-xach-tay/hp-probook-440-g10-i5-1340p,HP,HP ProBook 440 G10 i5 1340P,Core i5,1340P,14.0,1920 x 1080 Pixels,IPS,60,Anti-glare LED UWVA,440 G10 i5 1340P
"Laptop Asus Vivobook Pro 14 OLED K3405ZF-KM184W i5 12500H/16GB/512GB/14"" 2.8K/Nvidia RTX2050 4GB/Win11 (No.00906609)",20490000.0,25990000.0,"14 inch, 2880 x 1800 Pixels Màn hình chính:, OLED, 90, OLED",i5,16,512.0,NVIDIA Geforce RTX 2050 4GB; Intel UHD Graphics,Windows 11,1.4,31.71 x 22.25 x 1.89 ~ 1.89 cm,Trung Quốc,2023,https://fptshop.com.vn/may-tinh-xach-tay/asus-vivobook-pro-14-oled-k3405zf-km184w-i5-12500h,Asus,Asus Vivobook Pro 14 OLED K3405ZF-KM184W i5 12500H,Core i5,12500H,14,2880 x 1800 Pixels Màn hình chính:,OLED,90,OLED,Pro 14 OLED K3405ZF-KM184W i5 12500H
Laptop HP Gaming Victus 15-fb1022AX R5 7535HS/16GB/512GB/15.6''FHD/NVIDIA RTX2050 4GB/Win11 (No.00906463),19990000.0,25490000.0,"15.6 inch, 1920 x 1080 Pixels, IPS, 144, Anti-Glare",Ryzen 5,16,512.0,NVIDIA GeForce RTX 2050; AMD Radeon Graphics,Windows 11,2.2,35.79 x 25.5 x 2.35 cm,Trung Quốc,2023,https://fptshop.com.vn/may-tinh-xach-tay/hp-gaming-victus-15-fb1022ax-r5-7535hs,HP,HP Gaming Victus 15-fb1022AX R5 7535HS,Ryzen 5,7535HS,15.6,1920 x 1080 Pixels,IPS,144,Anti-Glare,Victus 15-fb1022AX R5 7535HS
"Laptop Lenovo Gaming LOQ - 15IAX9 i5 12450HX/AI/12GB/512GB/15.6""FHD/RTX3050 6GB/Win11 (No.00906624)",19790000.0,22990000.0,"15.6 inch, 1920 x 1080 Pixels, IPS, 144, 300 nits, Anti -glare LED-Backlit Display",i5,12,512.0,NVIDIA GeForce RTX 3050 6GB,Windows 11,2.3,359.86 x 258.7 x 21.9-23.9 mm,Trung Quốc,2023,https://fptshop.com.vn/may-tinh-xach-tay/lenovo-gaming-loq-15iax9-i5-12450hx-12gb-rtx3050,Lenovo,Lenovo Gaming LOQ - 15IAX9 i5 12450HX,Core i5,12450HX,15.6,1920 x 1080 Pixels,IPS,144,300 nits,LOQ - 15IAX9 i5 12450HX
"Laptop Lenovo Ideapad Gaming 3 15ARH7 R5 7535HS/8GB/512GB/15.6""FHD/Nvidia RTX 4050 6GB/Win11 (No.00892738)",25990000.0,25990000.0,"15.6 inch, 1920 x 1080 Pixels, IPS, 120 Hz, 250 nits, Anti - Glare",Ryzen 5,8,512.0,NVIDIA GeForce RTX 4050 6GB GDDR6,Windows 11,2.3,359.6 x 266.4 x 21.8 mm,Trung Quốc,2023,https://fptshop.com.vn/may-tinh-xach-tay/lenovo-ideapad-gaming-3-15arh7-r5-7535hs,Lenovo,Lenovo Ideapad Gaming 3 15ARH7 R5 7535HS,Ryzen 5,7535HS,15.6,1920 x 1080 Pixels,IPS,120,250 nits,Gaming 3 15ARH7 R5 7535HS
"Laptop HP Pavilion 14-dv2072TU i7 1255U/8GB/512GB/14""FHD/Win11 (No.00888670)",23890000.0,23890000.0,"14.0 inch, 1920 x 1080 Pixels, IPS, 60 Hz, Anti - Glare",i7,8,512.0,,Windows 11,1.4,32.5 x 21.66 x 1.7 cm,Trung Quốc,2022,https://fptshop.com.vn/may-tinh-xach-tay/hp-pavilion-14-dv2072tu-i7-1255u,HP,HP Pavilion 14-dv2072TU i7 1255U,Core i7,1255U,14.0,1920 x 1080 Pixels,IPS,60,Anti - Glare,14-dv2072TU i7 1255U
Laptop HP Pavilion 15-eg3111TU i5 1335U/16GB/512GB/15.6''FHD/Win11 (No.00900042),21290000.0,21290000.0,"15.6 inch, FHD (1920 x 1080), IPS, Hãng không công bố Hz, LCD",i5,16,512.0,,Windows 11,1.6,36.02 x 23.4 x 1.8 (W x D x H) cm,Việt Nam / Trung Quốc,2023,https://fptshop.com.vn/may-tinh-xach-tay/hp-pavilion-15-eg3111tu-i5-1335u,HP,HP Pavilion 15-eg3111TU i5 1335U,Core i5,1335U,15.6,FHD (1920 x 1080),IPS,Hãn,LCD,15-eg3111TU i5 1335U
"Laptop Asus TUF Gaming FX517ZC-HN077W i5 12450H/8GB/512GB/15.6""FHD/GeForce RTX 3050 4GB/Win 11 (No.00800822)",18490000.0,23990000.0,"15.6 inch, 1920 x 1080 Pixels, IPS, 144 Hz, 250 nits, Anti-glare LED-backlit",i5,8,512.0,NVIDIA GeForce RTX 3050 4GB; Intel UHD Graphics,Windows 11,2,354 x 251 x 19.9 mm,Trung Quốc,2022,https://fptshop.com.vn/may-tinh-xach-tay/asus-tuf-gaming-fx517zc-hn077w-i5-12450h,Asus,Asus TUF Gaming FX517ZC-HN077W i5 12450H,Core i5,12450H,15.6,1920 x 1080 Pixels,IPS,144,250 nits,Gaming FX517ZC-HN077W i5 12450H
MacBook Air 13 inch M1 2020 8CPU 7GPU 8GB/256GB (No.00725093),18490000.0,22990000.0,"13.3 inch, 2560 x 1600 Pixels, IPS, IPS LCD LED Backlit, True Tone",,8,256.0,Apple M1 GPU 7 nhân,Mac,1.2,304.1 x 212.4 x 4.1 ~ 16.1 mm,Trung Quốc,2020,https://fptshop.com.vn/may-tinh-xach-tay/macbook-air-13-2020-m1-256gb,Mac,Air 13 inch M1 2020 8CPU 7GPU 8GB,M1,,13.3,2560 x 1600 Pixels,IPS,IPS,True Tone,inch M1 2020 8CPU 7GPU 8GB
"Laptop Lenovo IdeaPad Slim 5 14IRL8 i5 13500H/16GB/1TB/14""WUXGA/OLED/Win11 (No.00906626)",18490000.0,20990000.0,"14 inch, 1920 x 1200 Pixels, OLED, 60, 400 nits, OLED",i5,16,1024.0,Intel Iris Xe Graphics,Windows 11,1.4,312 x 221 x 16.9 mm,Trung Quốc,2023,https://fptshop.com.vn/may-tinh-xach-tay/lenovo-ideapad-slim-5-14irl8-i5-13500h?dung-luong=1tb,Lenovo,Lenovo IdeaPad Slim 5 14IRL8 i5 13500H,Core i5,13500H,14,1920 x 1200 Pixels,OLED,60,400 nits,Slim 5 14IRL8 i5 13500H
"Laptop Acer Gaming Aspire 5 A515-58GM-59QZ i5 13420H/32GB/512GB/15.6""FHD/Nvidia RTX 2050 4GB/Win11 (No.00905227)",22990000.0,22990000.0,"15.6 inch, 1920 x 1080 Pixels, IPS, 60 Hz, FHD",i5,32,512.0,NVIDIA Geforce RTX 2050 4GB; Intel UHD Graphics,Windows 11,1.7,361 x 237 x 17.9 mm,Trung Quốc,2023,https://fptshop.com.vn/may-tinh-xach-tay/acer-gaming-aspire-5-a515-58gm-59qz-i5-13420h,Acer,Acer Gaming Aspire 5 A515-58GM-59QZ i5 13420H,Core i5,13420H,15.6,1920 x 1080 Pixels,IPS,60,FHD,Aspire 5 A515-58GM-59QZ i5 13420H
"Laptop Gigabyte Gaming A5 K1-AVN1030SB R5 5600H/8GB/512GB/15.6""FHD/Nvidia RTX 3060 6GB/Win11 (No.00882605)",17490000.0,19990000.0,"15.6 inch, 1920 x 1080 Pixels, IPS, 144 Hz, Anti - Glare",Ryzen 5,8,512.0,NVIDIA GeForce RTX 3060 6GB; AMD Radeon RX Graphics Vega 7,Windows 11,2.1,361 x 258 x 25.3 mm,Trung Quốc,2022,https://fptshop.com.vn/may-tinh-xach-tay/gigabyte-gaming-a5-k1-avn1030sb-r5-5600h,Gigabyte,Gigabyte Gaming A5 K1-AVN1030SB R5 5600H,Ryzen 5,5600H,15.6,1920 x 1080 Pixels,IPS,144,Anti - Glare,A5 K1-AVN1030SB R5 5600H
"Laptop Lenovo ThinkBook 15 G5 ABP R5 7530U/16GB/512GB/15.6""FHD/Win 11 (No.00904952)",18690000.0,18690000.0,"15.6 inch, 1920 x 1080 Pixels, IPS, 60 Hz, 300 nits, Anti - Glare",Ryzen 5,16,512.0,AMD Radeon Graphics,Windows 11,1.7,357 x 235 x 18.9 mm,Trung Quốc,2023,https://fptshop.com.vn/may-tinh-xach-tay/lenovo-thinkbook-15-g5-r5-7530u,Lenovo,Lenovo ThinkBook 15 G5 ABP R5 7530U,Ryzen 5,7530U,15.6,1920 x 1080 Pixels,IPS,60,300 nits,15 G5 ABP R5 7530U
"Laptop Lenovo ThinkBook 16 G6 IRL i5-13500H/16GB/512GB/16.0""WUXGA/Win11 (No.00907594)",17490000.0,17990000.0,"16 inch, 1920 x 1200 Pixels, IPS, 0, 300 nits, Anti-glare LED Backlit Ultra Slim Chính:",i5,16,512.0,Intel Iris Xe Graphics,Windows 11,1.7,356 x 253.5 x 17.5 mm,Trung Quốc,2024,https://fptshop.com.vn/may-tinh-xach-tay/lenovo-thinkbook-16-g6-irl-i5-13500h,Lenovo,Lenovo ThinkBook 16 G6 IRL i5-13500H,Core i5,13500H,16,1920 x 1200 Pixels,IPS,0,300 nits,16 G6 IRL i5-13500H
"Laptop Lenovo Ideapad Slim 3 15IRH8 i7 13620H/16GB/512GB/15.6"" FHD/Win 11 (No.00907328)",18490000.0,18490000.0,"15.6 inch, 1920 x 1200 Pixels, IPS, 60, 300 nits, Anti-Glare",i7,16,512.0,Intel UHD Graphics,Windows 11,1.6,359.3 x 235 x 17.9 mm,Trung Quốc,2023,https://fptshop.com.vn/may-tinh-xach-tay/lenovo-ideapad-slim-3-15irh8-i7-13620h,Lenovo,Lenovo Ideapad Slim 3 15IRH8 i7 13620H,Core i7,13620H,15.6,1920 x 1200 Pixels,IPS,60,300 nits,Slim 3 15IRH8 i7 13620H
"Laptop MSI Gaming Cyborg 15 A12UCX-281VN i5-12450H/8GB/512GB/15.6""FHD/RTX 2050 4GB/Win11_Balo (No.00904603)",18990000.0,18990000.0,"15.6 inch, 1920 x 1080 Pixels, IPS, 144 Hz, 250 nits, IPS FHD",i5,8,512.0,NVIDIA Geforce RTX 2050 4GB,Windows 11,1.9,359.36 x 250.34 x 21.95~22.9 mm,Trung Quốc,2023,https://fptshop.com.vn/may-tinh-xach-tay/msi-gaming-cyborg-15-a12ucx-281vn-i5-12450h,MSI,MSI Gaming Cyborg 15 A12UCX-281VN i5-12450H,Core i5,12450H,15.6,1920 x 1080 Pixels,IPS,144,250 nits,Cyborg 15 A12UCX-281VN i5-12450H
"Laptop MSI Gaming Cyborg 15 A12UCX-281VN i5-12450H/8GB/512GB/15.6""FHD/RTX 2050 4GB/Win11_Balo (No.00904603)",16990000.0,18990000.0,"15.6 inch, 1920 x 1080 Pixels, IPS, 144 Hz, 250 nits, IPS FHD",i5,8,512.0,NVIDIA Geforce RTX 2050 4GB,Windows 11,1.9,359.36 x 250.34 x 21.95~22.9 mm,Trung Quốc,2023,https://fptshop.com.vn/may-tinh-xach-tay/msi-gaming-cyborg-15-a12ucx-281vn-i5-12450h,MSI,MSI Gaming Cyborg 15 A12UCX-281VN i5-12450H,Core i5,12450H,15.6,1920 x 1080 Pixels,IPS,144,250 nits,Cyborg 15 A12UCX-281VN i5-12450H
"Laptop Lenovo Ideapad Slim 5 Light 14ABR8 R7 7730U/16GB/512GB/14.0""FHD/Win11 (No.00881885)",19990000.0,19990000.0,"14.0 inch, 1920 x 1080 Pixels, IPS, Hz, 300 nits, Anti-Glare LED-Backlit Display",Ryzen 7,16,512.0,AMD Radeon Graphics,Windows 11,1.1,324.1 x 215.7 x 17.1 mm,Trung Quốc,2023,https://fptshop.com.vn/may-tinh-xach-tay/lenovo-ideapad-slim-5-light-14abr8-r7-7730,Lenovo,Lenovo Ideapad Slim 5 Light 14ABR8 R7 7730U,Ryzen 7,7730U,14.0,1920 x 1080 Pixels,IPS,Hz,300 nits,Slim 5 Light 14ABR8 R7 7730U
"Laptop HP 15s fq5160TU i5 1235U/16GB/512GB/15.6""FHD/Win 11 (No.00851505)",19990000.0,19990000.0,"15.6 inch, 1920 x 1080 Pixels, IPS, 60 Hz, 250 nits, Anti-Glare",i5,16,512.0,Intel Iris Xe Graphics,Windows 11,1.7,35.85 x 24.2 x 1.79 cm,Trung Quốc,2022,https://fptshop.com.vn/may-tinh-xach-tay/hp-15s-fq5160tu-i5-1235u,HP,HP 15s fq5160TU i5 1235U,Core i5,1235U,15.6,1920 x 1080 Pixels,IPS,60,250 nits,fq5160TU i5 1235U
"Laptop HP 15s-fq5146TU i7 1255U/8GB/512GB/15.6""FHD/Win11 (No.00862458)",22890000.0,22890000.0,"15.6 inch, 1920 x 1080 Pixels, WVA, 60 Hz, 250 nits, Wide-Viewing Angle (WVA)",i7,8,512.0,,Windows 11,1.6,"35,85 x 24,2 x 1,79 cm",Trung Quốc,2022,https://fptshop.com.vn/may-tinh-xach-tay/hp-15s-fq5146tu-i7-1255u,HP,HP 15s-fq5146TU i7 1255U,Core i7,1255U,15.6,1920 x 1080 Pixels,WVA,60,250 nits,i7 1255U
"Laptop Dell Inspiron 15 N3520 i5 1235U/16GB/512GB/15.6""FHD/Win11/Office HS21 (25P231) (No.00906292)",16490000.0,16990000.0,"15.6 inch, FHD (1920 x 1080), IPS, 120, FHD",i5,16,512.0,Intel Iris Xe Graphics,Windows 11,1.6,35.85 x 23.49 x 1.75 cm,Trung Quốc,2022,https://fptshop.com.vn/may-tinh-xach-tay/dell-inspiron-15-n3520-i5-1235u-512gb,Dell,Dell Inspiron 15 N3520 i5 1235U,Core i5,1235U,15.6,FHD (1920 x 1080),IPS,120,FHD,15 N3520 i5 1235U
Laptop HP Pavilion 15-eg2083TU i5 1240P/8GB/512GB/15.6''FHD/Win11 (No.00859666),16190000.0,19790000.0,"15,6 inch, 1920 x 1080 Pixels, IPS, 60 Hz, IPS FHD",i5,8,512.0,,Windows 11,1.7,36.02 x 23.4 x 1.79 (W x D x H) cm,Trung Quốc,2022,https://fptshop.com.vn/may-tinh-xach-tay/hp-pavilion-15-eg2083tu-i5-1240p,HP,HP Pavilion 15-eg2083TU i5 1240P,Core i5,1240P,15,6 inch,1920 x 1080 Pixels,IPS,60 Hz,15-eg2083TU i5 1240P
"Laptop Dell Vostro 14 V3420 i5 1235U/8GB/512GB/14""FHD/Win11/Office HS21 (No.00907767)",15990000.0,15990000.0,,,,,,Windows 11,,,,,https://fptshop.com.vn/may-tinh-xach-tay/dell-vostro-14-v3420-i5-1235u,Dell,Dell Vostro 14 V3420 i5 1235U,,,,,,,,14 V3420 i5 1235U
"Laptop Acer Aspire 7 A715-76-53PJ i5 12450H/16GB/512GB/15.6""""FHD/Win11 (No.00904728)",16990000.0,16990000.0,"15.6 inch, FHD (1920 x 1080), IPS, 60 Hz, Acer ComfyView LED-backlit",i5,16,512.0,Intel UHD Graphics,Windows 11,2.1,362.3 x 237.4  x 19.9 mm,Trung Quốc,2023,https://fptshop.com.vn/may-tinh-xach-tay/laptop-acer-aspire-7-a715-76-53pj-i5-12450h,Acer,Acer Aspire 7 A715-76-53PJ i5 12450H,Core i5,12450H,15.6,FHD (1920 x 1080),IPS,60,Acer ComfyView LED-backlit,7 A715-76-53PJ i5 12450H
Laptop Acer Aspire Gaming A715-43G-R8GA R5 5625U/8GB/512GB SSD/GeForce RTX3050 4GB/Win 11 (No.00879630),15490000.0,21990000.0,"15.6 inch, 1920 x 1080 Pixels, IPS, 144 Hz, Acer ComfyView LED-backlit",Ryzen 5,8,512.0,NVIDIA GeForce RTX 3050 4GB,Windows 11,2.1,36.34 x 25.45 x 2.29 cm (W x D x H) cm,Trung Quốc,2022,https://fptshop.com.vn/may-tinh-xach-tay/acer-aspire-gaming-a715-43g-r8ga-r5-5625u,Acer,Acer Aspire Gaming A715-43G-R8GA R5 5625U,Ryzen 5,5625U,15.6,1920 x 1080 Pixels,IPS,144,Acer ComfyView LED-backlit,Gaming A715-43G-R8GA R5 5625U
Laptop VAIO FE14 i5 1235U/8GB/512GB/14'' FHD/Intel UHD/Win11/VWNC51427-BK (No.00884028),15490000.0,18990000.0,"14.0 inch, 1920 x 1080 Pixelss , 60Hz, IPS, 60 Hz, IPS FHD",i5,8,512.0,Intel UHD Graphics,Windows 11,1.8,35.8 x 23.9 x 1.98 cm,Trung Quốc,2022,https://fptshop.com.vn/may-tinh-xach-tay/vaio-fe14-i5-1235u-vwnc51427-bk,VAIO,VAIO FE14 i5 1235U,Core i5,1235U,14.0,1920 x 1080 Pixelss,60Hz,IPS,60 Hz,i5 1235U
Laptop Acer Nitro Gaming AN515-57-5669 i5 11400H/8GB/512GB SSD/GeForce GTX 1650 4GB/Win11 (No.00789041),15490000.0,22490000.0,"15.6 inch, 1920 x 1080 Pixels, IPS, 144 Hz, Acer ComfyView LED-backlit",i5,8,512.0,NVIDIA GeForce GTX 1650 4GB; Intel UHD Graphics,Windows 11,2.2,363.4 x 255 x 23.9 mm,Trung Quốc,2021,https://fptshop.com.vn/may-tinh-xach-tay/acer-nitro-gaming-an515-57-5669-i5-11400h,Acer,Acer Nitro Gaming AN515-57-5669 i5 11400H,Core i5,11400H,15.6,1920 x 1080 Pixels,IPS,144,Acer ComfyView LED-backlit,Gaming AN515-57-5669 i5 11400H
"Laptop Asus Vivobook  A1503ZA-L1139W i5 12500H/8GB/512GB/15.6""FHD/Win 11 (No.00825034)",14990000.0,21490000.0,"15.6 inch, 1920 x 1080 Pixels, IPS, 60 Hz, 600 nits, OLED",i5,8,512.0,Intel UHD Graphics,Windows 11,1.7,356.8 x 227.6 x 19.9 mm,Trung Quốc,2022,https://fptshop.com.vn/may-tinh-xach-tay/asus-vivobook-a1503za-l1139w-i5-12500h,Asus,Asus Vivobook  A1503ZA-L1139W i5 12500H,Core i5,12500H,15.6,1920 x 1080 Pixels,IPS,60,600 nits,A1503ZA-L1139W i5 12500H
"Laptop Asus Vivobook M3504YA-L1144W R5 7530U/16GB/512GB/15.6""OLED/Win11 (No.00881383)",14990000.0,18990000.0,"15.6 inch, FHD (1920 x 1080), IPS, 60 Hz, OLED",Ryzen 5,16,512.0,,Windows 11,1.7,35.97 x 23.25 x 1.79 cm,Trung Quốc,2023,https://fptshop.com.vn/may-tinh-xach-tay/asus-vivobook-m3504ya-l1144w-r5-7530u,Asus,Asus Vivobook M3504YA-L1144W R5 7530U,Ryzen 5,7530U,15.6,FHD (1920 x 1080),IPS,60,OLED,M3504YA-L1144W R5 7530U
"Laptop MSI Modern 15 B7M-238VN R7 7730U/16GB/512GB/15.6""FHD/Win 11 (No.00878151)",16990000.0,16990000.0,"15.6 inch, 1920 x 1080 Pixels, IPS, 60 Hz, FHD",Ryzen 7,16,512.0,AMD Radeon Graphics,Windows 11,1.4,359 x 241 x 19.9 mm,Trung Quốc,2023,https://fptshop.com.vn/may-tinh-xach-tay/msi-modern-15-b7m-238vn-r7-7730u,MSI,MSI Modern 15 B7M-238VN R7 7730U,Ryzen 7,7730U,15.6,1920 x 1080 Pixels,IPS,60,FHD,15 B7M-238VN R7 7730U
"Laptop Acer Aspire 5 A515-58P-56RP i5 1335U/16GB/512GB/15.6""FHD/Win11 (No.00904691)",16990000.0,16990000.0,"15.6 inch, FHD (1920 x 1080), IPS, 60 Hz, Acer ComfyView Anti-glare LED-backlit",i5,16,512.0,Intel UHD Graphics,Windows 11,1.7,362.9 x 237.5  x 17.99 mm,Trung Quốc,2023,https://fptshop.com.vn/may-tinh-xach-tay/acer-aspire-5-a515-58p-56rp-i5-1335u,Acer,Acer Aspire 5 A515-58P-56RP i5 1335U,Core i5,1335U,15.6,FHD (1920 x 1080),IPS,60,Acer ComfyView Anti-glare LED-backlit,5 A515-58P-56RP i5 1335U
Laptop Asus Vivobook M1605YA-MB303W R7 7730U/16GB/512GB/16 inch/Win11 (No.00904945),15990000.0,15990000.0,"16 inch, 1920 x 1200 Pixels, IPS, 60 Hz, LED Backlit",Ryzen 7,16,512.0,AMD Radeon Graphics,Windows 11,1.8,35.87 x 24.95 x 1.99 cm,Trung Quốc,2023,https://fptshop.com.vn/may-tinh-xach-tay/asus-vivobook-m1605ya-mb303w-r7-7730u,Asus,Asus Vivobook M1605YA-MB303W R7 7730U,Ryzen 7,7730U,16,1920 x 1200 Pixels,IPS,60,LED Backlit,M1605YA-MB303W R7 7730U
"Laptop Asus Vivobook X1605VA-MB105W i5 1335U/8GB/512GB SSD/16"" WUXGA/Win11 (No.00873156)",18190000.0,18190000.0,"16 inch, 1920 x 1200 Pixels, IPS, 60 Hz, Anti-Glare",i5,8,512.0,,Windows 11,1.6,35.87 x 24.95 x 1.99 ~ 1.99 cm,Trung Quốc,2023,https://fptshop.com.vn/may-tinh-xach-tay/asus-vivobook-x1605va-mb105w-i5-1335u,Asus,Asus Vivobook X1605VA-MB105W i5 1335U,Core i5,1335U,16,1920 x 1200 Pixels,IPS,60,Anti-Glare,X1605VA-MB105W i5 1335U
Laptop Acer Swift 3 SF314-511-55QE i5 1135G7/16GB/512GB SSD/Win11 (No.00793771),13990000.0,23790000.0,"14.0 inch, 1920 x 1080 Pixels, IPS, 60 Hz, Acer ComfyView Anti-glare LED-backlit",i5,16,512.0,Intel Iris Xe Graphics,Windows 11,1.1,15.9	x 322.8 x 212.2 mm,,2021,https://fptshop.com.vn/may-tinh-xach-tay/acer-swift-3-sf314-511-55qe-i5-1135g7,Acer,Acer Swift 3 SF314-511-55QE i5 1135G7,Core i5,1135G7,14.0,1920 x 1080 Pixels,IPS,60,Acer ComfyView Anti-glare LED-backlit,3 SF314-511-55QE i5 1135G7
Laptop Lenovo V14 G4 IRU i5 1335U/16GB/512GB/14” FHD/Win 11 (No.00906645),14790000.0,14790000.0,"14 inch, FHD (1920 x 1080) TN, IPS, 240, 300 nits, IPS LCD",i5,16,512.0,Intel Iris Xe Graphics,Windows 11,1.4,324.2 x 215.2 x 19.9 mm,Trung Quốc,2023,https://fptshop.com.vn/may-tinh-xach-tay/lenovo-v14-g4-iru-i5-1335u,Lenovo,Lenovo V14 G4 IRU i5 1335U,Core i5,1335U,14,FHD (1920 x 1080) TN,IPS,240,300 nits,G4 IRU i5 1335U
Laptop Acer Swift 3 SF314-43-R4X3 R5 5500U/16GB/512GB SSD/Win11 (No.00783546),13490000.0,20990000.0,"14.0 inch, 1920 x 1080 Pixels, IPS, 60 Hz, Acer ComfyView LED-backlit",Ryzen 5,16,512.0,AMD Radeon Graphics,Windows 11,1.1,322.8 x 212.2 x 15.9 mm,Trung Quốc,2021,https://fptshop.com.vn/may-tinh-xach-tay/acer-swift-3-sf314-43-r4x3-r5-5500u,Acer,Acer Swift 3 SF314-43-R4X3 R5 5500U,Ryzen 5,5500U,14.0,1920 x 1080 Pixels,IPS,60,Acer ComfyView LED-backlit,3 SF314-43-R4X3 R5 5500U
"Laptop Acer Aspire 3 A315-59-51X8 i5 1235U/8GB/512GB/15.6""FHD/Win11 (No.00888750)",12990000.0,17990000.0,"15.6 inch, 1920 x 1080 Pixels, TFT, 60 Hz, Acer ComfyView LED-backlit",i5,8,512.0,Intel UHD Graphics,Windows 11,1.7,362.9x241.26x19.9 mm,Trung Quốc,2022,https://fptshop.com.vn/may-tinh-xach-tay/acer-aspire-3-a315-59-51x8-i5-1235u,Acer,Acer Aspire 3 A315-59-51X8 i5 1235U,Core i5,1235U,15.6,1920 x 1080 Pixels,TFT,60,Acer ComfyView LED-backlit,3 A315-59-51X8 i5 1235U
"Laptop MSI Modern 15 B7M-231VN R5 7530U/16GB/512GB/15.6""FHD/Win 11 (No.00888833)",14990000.0,14990000.0,"15.6 inch, 1920 x 1080 Pixels, IPS, 60 Hz, FHD",Ryzen 5,16,512.0,AMD Radeon Graphics,Windows 11,1.4,359 x 241 x 19.9 mm,Trung Quốc,2023,https://fptshop.com.vn/may-tinh-xach-tay/msi-modern-15-b7m-231vn-r5-7530u,MSI,MSI Modern 15 B7M-231VN R5 7530U,Ryzen 5,7530U,15.6,1920 x 1080 Pixels,IPS,60,FHD,15 B7M-231VN R5 7530U
"Laptop Lenovo Ideapad 1 - 14ALC7 R7 5700U/16GB/512GB/14.0"" FHD/Win 11 (No.00906628)",13990000.0,13990000.0,"14 inch, 1920 x 1080 Pixels, IPS, 60, 250 nits, IPS FHD",Ryzen 7,16,512.0,AMD Radeon Graphics,Windows 11,1.3,325.3 x 216.5 x 17.9 mm,Trung Quốc,2023,https://fptshop.com.vn/may-tinh-xach-tay/lenovo-ideapad-1-14alc7-r7-5700u,Lenovo,Lenovo Ideapad 1 - 14ALC7 R7 5700U,Ryzen 7,5700U,14,1920 x 1080 Pixels,IPS,60,250 nits,1 - 14ALC7 R7 5700U
Laptop Acer Aspire 5 A514-54-5127 i5 1135G7/8GB/512GB SSD/14.0''FHD/Win11 (No.00797334),12490000.0,16990000.0,"14.0 inch, 1920 x 1080 Pixels, IPS, 60 Hz, Acer ComfyView Anti-glare LED-backlit",i5,8,512.0,Intel Iris Xe Graphics,Windows 11,1.4,328 x 222.9 x 17.9 mm,Trung Quốc,2021,https://fptshop.com.vn/may-tinh-xach-tay/acer-aspire-a514-54-5127-i5-1135g7,Acer,Acer Aspire 5 A514-54-5127 i5 1135G7,Core i5,1135G7,14.0,1920 x 1080 Pixels,IPS,60,Acer ComfyView Anti-glare LED-backlit,5 A514-54-5127 i5 1135G7
"Laptop Acer Aspire 3 A314-23M-R4TX R5 7520U/8GB/512GB/14""FHD/Win11 (No.00888224)",13290000.0,13290000.0,"14.0 inch, 1920 x 1080 Pixels, IPS, 60 Hz, Acer ComfyView LED-backlit",Ryzen 5,8,512.0,AMD Radeon Graphics,Windows 11,1.4,328.3 (W) x 217.15 (D) x 18.0 (H) mm,Trung Quốc,2023,https://fptshop.com.vn/may-tinh-xach-tay/acer-aspire-3-a314-23m-r4tx-r5-7520u,Acer,Acer Aspire 3 A314-23M-R4TX R5 7520U,Ryzen 5,7520U,14.0,1920 x 1080 Pixels,IPS,60,Acer ComfyView LED-backlit,3 A314-23M-R4TX R5 7520U
"Laptop MSI Modern 15 B7M-098VN R7 7730U/8GB/512GB/15.6""FHD/Win 11 (No.00866562)",14990000.0,14990000.0,"15.6 inch, 1920 x 1080 Pixels, IPS, 60 Hz, FHD",Ryzen 7,8,512.0,AMD Radeon Graphics,Windows 11,1.4,359 * 241 * 19.9 mm,Trung Quốc,2023,https://fptshop.com.vn/may-tinh-xach-tay/msi-modern-15-b7m-098vn-r7-7730u,MSI,MSI Modern 15 B7M-098VN R7 7730U,Ryzen 7,7730U,15.6,1920 x 1080 Pixels,IPS,60,FHD,15 B7M-098VN R7 7730U
"Laptop Lenovo V15 G4 AMN R5 7520U/16GB/512GB/15.6""FHD/Win11 (No.00907327)",11490000.0,11490000.0,"15.6 inch, 1920 x 1200 Pixels, IPS, 60, 300 nits, Anti-Glare",Ryzen 5,16,512.0,AMD Radeon 610M Graphics,Windows 11,1.6,359.2 x 235.8 x 19.9 mm,Trung Quốc,2023,https://fptshop.com.vn/may-tinh-xach-tay/lenovo-v15-g4-amn-r5-7520u,Lenovo,Lenovo V15 G4 AMN R5 7520U,Ryzen 5,7520U,15.6,1920 x 1200 Pixels,IPS,60,300 nits,G4 AMN R5 7520U
"Laptop HP 15s-fq5230TU i3-1215U/8GB/256GB/15.6""FHD/Win11 (No.00906458)",9990000.0,11990000.0,"15.6 inch, 1920 x 1080 Pixels, SVA, 60, Anti-Glare",i3,8,256.0,Intel UHD Graphics,Windows 11,1.6,35.85 x 24.2 x 1.79 cm,Trung Quốc,2023,https://fptshop.com.vn/may-tinh-xach-tay/hp-15s-fq5230tu-i3-1215u,HP,HP 15s-fq5230TU i3-1215U,Core i3,1215U,15.6,1920 x 1080 Pixels,SVA,60,Anti-Glare,i3-1215U
"Laptop Huawei MateBook D14 BE i3 1215U/8GB/256GB/14""FHD+/Win11 (No.00888042)",11990000.0,11990000.0,"14.0 inch, 1920 x 1080 Pixelss , 60Hz, IPS, 60 Hz, 300 nits, Anti-Glare LED-Backlit Display",i3,8,256.0,Intel UHD Graphics,Windows 11,1.3,314.5 × 227.79 × 15.9 mm,Trung Quốc,2022,https://fptshop.com.vn/may-tinh-xach-tay/huawei-ytfz-x-matebook-d14-be-i3-1215u,Huawei,Huawei MateBook D14 BE i3 1215U,Core i3,1215U,14.0,1920 x 1080 Pixelss,60Hz,IPS,60 Hz,D14 BE i3 1215U
"Laptop HP 245 G9 R5 5625U/8GB/256GB/14""FHD/Win11 (No.00881756)",13090000.0,13090000.0,"14.0 inch, 1920 x 1080 Pixels, IPS, 60 Hz, 250 nits, LCD",Ryzen 5,8,256.0,AMD Radeon Graphics,Windows 11,1.4,32.4 x 22.59 x 1.99 cm,Trung Quốc,2022,https://fptshop.com.vn/may-tinh-xach-tay/hp-245-g9-r5-5625u,HP,HP 245 G9 R5 5625U,Ryzen 5,5625U,14.0,1920 x 1080 Pixels,IPS,60,250 nits,G9 R5 5625U
Laptop HP 240 G10 i3 N305/8GB/256GB/14'' FHD/Win11 (No.00907512),11990000.0,11990000.0,"14 inch, 1920 x 1080 Pixels, IPS, 60, Anti-Glare",i3,8,256.0,Intel UHD Graphics,Windows 11,1.3,32.4 x 21.5 x 1.79 cm,Trung Quốc,2023,https://fptshop.com.vn/may-tinh-xach-tay/hp-240-g10-i3-n3058,HP,HP 240 G10 i3 N305,Core i3,N305,14,1920 x 1080 Pixels,IPS,60,Anti-Glare,G10 i3 N305
Laptop HP 14s-em0080AU R3 7320U/8GB/256GB/14''FHD/Win11 (No.00872256),8990000.0,11690000.0,"14.0 inch, 1920 x 1080 Pixels, SVA, 60 Hz, Anti-Glare",Ryzen 3,8,256.0,,Windows 11,1.4,32.37 x 21.5 x 1.79 cm,Trung Quốc,2023,https://fptshop.com.vn/may-tinh-xach-tay/hp-14s-em0080au-r3-7320u,HP,HP 14s-em0080AU R3 7320U,Ryzen 3,7320U,14.0,1920 x 1080 Pixels,SVA,60,Anti-Glare,R3 7320U
"Laptop Asus Vivobook X1404ZA-NK075W i3 1215U/8GB/256GB/14"" FHD/Win11 (No.00892868)",12490000.0,12490000.0,"14.0  Chính: inch, 1920 x 1080 Pixels Màn hình chính:, IPS, 60  Màn hình chính: Hz, FHD Chính:",i3,8,256.0,,Windows 11,1.4,32.49 x 21.39 x 1.79 cm,Trung Quốc,2023,https://fptshop.com.vn/may-tinh-xach-tay/asus-vivobook-x1404za-nk075w-i3-1215u,Asus,Asus Vivobook X1404ZA-NK075W i3 1215U,Core i3,1215U,14.0,1920 x 1080 Pixels Màn hình chính:,IPS,60,FHD Chính:,X1404ZA-NK075W i3 1215U
Laptop Asus ROG Strix Scar 18 Gaming G834JYR-R6011W i9 14900HX/64GB/2TB/18'' 240Hz/Nvidia RTX4090 16GB/Win11 (No.00906610),130000000.0,130000000.0,"18 inch, 2560 x 1600 Pixels, IPS, 240, Anti-Glare",i9,64,1024.0,NVIDIA GeForce RTX 4090 16GB; Intel UHD Graphics,Windows 11,3.1,39.9 x 29.4 x 2.31 ~ 3.08 cm cm,Trung Quốc,2024,https://fptshop.com.vn/may-tinh-xach-tay/asus-rog-strix-scar-18-gaming-g834jyr-r6011w-i9-14900hx,Asus,Asus ROG Strix Scar 18 Gaming G834JYR-R6011W i9 14900HX,Core i9,14900HX,18,2560 x 1600 Pixels,IPS,240,Anti-Glare,Strix Scar 18 Gaming G834JYR-R6011W i9 14900HX
MacBook Pro 16 2023 M3 Max 16 CPU/40 GPU/48GB/1TB (No.00905252),102490000.0,102490000.0,"16.2 inch, 3456 x 2234 Pixels, IPS, 120 Hz, 1600 nit, Liquid Retina XDR",M3 Max,48,1024.0,Apple M3 Max 40-core GPU,Mac,2.1,"1,68 x 35,57 x 24,81 cm",Trung Quốc,2023,https://fptshop.com.vn/may-tinh-xach-tay/macbook-pro-16-2023-m3-max-16-cpu-40-gpu-48gb-1tb,Mac,Pro 16 2023 M3 Max 16 CPU,M3 Max,16-core,16.2,3456 x 2234 Pixels,IPS,120,1600 nit,2023 M3 Max 16 CPU
Laptop Asus ROG Strix 16 Gaming G634JZR-NM009W i9 14900HX/64GB/2TB/16'' 240Hz/Nvidia RTX4080 12GB/Win11 (No.00906612),100000000.0,110000000.0,"16 inch, 2560 x 1600 Pixels, IPS, 240, Anti-Glare",i9,64,1024.0,NVIDIA GeForce RTX 4080 12GB; Intel UHD Graphics,Windows 11,2.6,35.4 x 26.4 x 2.26 ~ 3.04 cm,Trung Quốc,2024,https://fptshop.com.vn/may-tinh-xach-tay/asus-rog-strix-16-gaming-g634jzr-nm009w-i9-14900hx,Asus,Asus ROG Strix 16 Gaming G634JZR-NM009W i9 14900HX,Core i9,14900HX,16,2560 x 1600 Pixels,IPS,240,Anti-Glare,Strix 16 Gaming G634JZR-NM009W i9 14900HX
MacBook Pro 16 2023 M3 Max 14 CPU/30 GPU/36GB/1TB (No.00905254),89990000.0,89990000.0,"16.2 inch, 3456 x 2234 Pixels, IPS, 120 Hz, 1600 nit, Liquid Retina XDR",M3 Max,36,1024.0,Apple M3 Max 30-core GPU,Mac,2.1,"1,68 x 35,57 x 24,81 cm",Trung Quốc,2023,https://fptshop.com.vn/may-tinh-xach-tay/macbook-pro-16-2023-m3-max-14-cpu-30-gpu-36gb-1tb,Mac,Pro 16 2023 M3 Max 14 CPU,M3 Max,14-core,16.2,3456 x 2234 Pixels,IPS,120,1600 nit,2023 M3 Max 14 CPU
MacBook Pro 14 2023 M3 Max 14 CPU/30 GPU/36GB/1TB (No.00905260),79990000.0,79990000.0,"14.2 inch, 3024 x 1964 Pixels, IPS, 120 Hz, 1600 nit, Liquid Retina XDR",M3 Max,36,1024.0,Apple M3 Max 30-core GPU,Mac,1.6,"1,55 x 31,26 x 22,12 cm",Trung Quốc,2023,https://fptshop.com.vn/may-tinh-xach-tay/macbook-pro-14-2023-m3-max-14-cpu-30-gpu-36gb-1tb,Mac,Pro 14 2023 M3 Max 14 CPU,M3 Max,14-core,14.2,3024 x 1964 Pixels,IPS,120,1600 nit,2023 M3 Max 14 CPU
MacBook Pro 16 2023 M3 Pro 12 CPU/18 GPU/36GB/512GB (No.00905248),74990000.0,74990000.0,"16.2 inch, 3456 x 2234 Pixels, IPS, 120 Hz, 1600 nit, Liquid Retina XDR",M3 Pro,36,512.0,Apple M3 Pro 18-core GPU,Mac,2.1,"1,68 x 35,57 x 24,81 cm",Trung Quốc,2023,https://fptshop.com.vn/may-tinh-xach-tay/macbook-pro-16-2023-m3-pro-12-cpu-18-gpu-36gb-512gb,Mac,Pro 16 2023 M3 Pro 12 CPU,M3 Pro,12-Core,16.2,3456 x 2234 Pixels,IPS,120,1600 nit,2023 M3 Pro 12 CPU
Laptop Asus ROG Strix 18 Gaming G814JIR-N6007W i9 14900HX/32G/1TB/18'' 240Hz/Nvidia RTX4070 8GB/Win11 (No.00906611),70990000.0,70990000.0,"18 inch, 2560 x 1600 Pixels, IPS, 240, Anti-Glare",i9,32,1024.0,NVIDIA Geforce RTX 4070 8GB GDDR6; Intel UHD Graphics,Windows 11,3,39.9 x 29.4 x 2.31 ~ 3.08 cm,Trung Quốc,2024,https://fptshop.com.vn/may-tinh-xach-tay/asus-rog-strix-18-gaming-g814jir-n6007w-i9-14900hx,Asus,Asus ROG Strix 18 Gaming G814JIR-N6007W i9 14900HX,Core i9,14900HX,18,2560 x 1600 Pixels,IPS,240,Anti-Glare,Strix 18 Gaming G814JIR-N6007W i9 14900HX
"Laptop Lenovo Gaming Legion Pro 5 16IRX9 i9 14900HX/32GB/1TB/16""WQXGA/Win11 (No.00907215)",48990000.0,48990000.0,"16 inch, 2560 x 1600 Pixels, IPS, 240, 500 nits, Anti - Glare",i9,32,1024.0,NVIDIA Geforce RTX 4060 8GB GDDR6,Windows 11,2.5,363.4 x 260.35 x 22.45 mm,Trung Quốc,2024,https://fptshop.com.vn/may-tinh-xach-tay/lenovo-gaming-legion-pro-5-16irx9-i9-14900hx,Lenovo,Lenovo Gaming Legion Pro 5 16IRX9 i9 14900HX,Core i9,14900HX,16,2560 x 1600 Pixels,IPS,240,500 nits,Legion Pro 5 16IRX9 i9 14900HX
"Laptop Lenovo Gaming Legion 5 16IRX9 i714650HX/16GB/512GB/16""WQXGA/RTX4060 8GB/Win 11H (No.00906644)",40990000.0,41990000.0,"16 inch, 2560 x 1600 Pixels, IPS, 165, 350 nits, IPS LCD",i7,16,512.0,NVIDIA GeForce RTX 4060 8GB,Windows 11,2.3,359.7 x262.3 x19.7-25.2 mm,Trung Quốc,2024,https://fptshop.com.vn/may-tinh-xach-tay/lenovo-gaming-legion-5-16irx9-i7-14650hx,Lenovo,Lenovo Gaming Legion 5 16IRX9 i714650HX,Core i7,14650HX,16,2560 x 1600 Pixels,IPS,165,350 nits,Legion 5 16IRX9 i714650HX
"Laptop MSI Gaming Sword 16 HX B14VEKG-039VN i7-14700HX/16GB/1TB/16""FHD+/RTX4050_6GB/Win11_Balo (No.00907724)",34990000.0,34990000.0,"16 inch, 1920 x 1200 Pixels, IPS, 144, 400 nits, FHD+",i7,16,1024.0,NVIDIA GeForce RTX 4050 6GB,Windows 11,2.3,359 x 266.4 x 21.8-27.7 mm,Trung Quốc,2024,https://fptshop.com.vn/may-tinh-xach-tay/msi-gaming-sword-16-hx-b14vekg-039vn-i7-14700hx,MSI,MSI Gaming Sword 16 HX B14VEKG-039VN i7-14700HX,Core i7,14700HX,16,1920 x 1200 Pixels,IPS,144,400 nits,Sword 16 HX B14VEKG-039VN i7-14700HX
"Laptop Asus TUF Gaming FA507NU-LP140W R5 7535HS/8GB/512GB/15.6""/Nvidia RTX 4050 6GB/Win11 (No.00904947)",28490000.0,28490000.0,"15.6 inch, FHD (1920 x 1080), IPS, 144 Hz, FHD",Ryzen 5,8,512.0,NVIDIA GeForce RTX 4050 6GB GDDR6,Windows 11,2.2,35.97 x 23.25 x 1.79 ~ 1.79 cm,Trung Quốc,2023,https://fptshop.com.vn/may-tinh-xach-tay/asus-tuf-gaming-fa507nu-lp140w-r5-7535hs,Asus,Asus TUF Gaming FA507NU-LP140W R5 7535HS,Ryzen 5,7535HS,15.6,FHD (1920 x 1080),IPS,144,FHD,Gaming FA507NU-LP140W R5 7535HS
"Laptop Lenovo ThinkBook 14s Yoga ITL i7 1165G7/16GB/512GB/14"" FHD IPS Touch/Bút/Win 11 (No.00821069)",,,"14.0 inch, 1920 x 1080 Pixels, IPS, 300 nits, IPS",i7,16,512.0,Intel Iris Xe Graphics,Windows 11,1.5,320 x 216 x 16.9 mm,Trung Quốc,,https://fptshop.com.vn/may-tinh-xach-tay/lenovo-thinkbook-14s-yoga-itl-i7-1165g7,Lenovo,Lenovo ThinkBook 14s Yoga ITL i7 1165G7,Core i7,1165G7,14.0,1920 x 1080 Pixels,IPS,300,IPS,14s Yoga ITL i7 1165G7
"Laptop Lenovo IdeaPad Slim 5 14IMH9 U7-155H/32GB/1TB/14""WUXGA/OLED/Win11 (No.00907726)",27990000.0,27990000.0,"14 inch, 1920 x 1200 Pixels, OLED, 60, 400 nits, OLED",Core Ultra 7,32,1024.0,Intel Arc Graphics,Windows 11,1.4,312 x 221 x 16.9 mm,Trung Quốc,2024,https://fptshop.com.vn/may-tinh-xach-tay/lenovo-ideapad-slim-5-14imh9-u7-155h,Lenovo,Lenovo IdeaPad Slim 5 14IMH9 U7-155H,Core Ultra 7,155H,14,1920 x 1200 Pixels,OLED,60,400 nits,Slim 5 14IMH9 U7-155H
Laptop Asus Vivobook 14 X1404ZA-NK389W i7 1255U/16GB/512GB/14'' FHD/Win11 (No.00907525),28990000.0,28990000.0,"14 inch, 1920 x 1080 Pixels, IPS, 60, FHD",i7,16,512.0,Intel Iris Xe Graphics,Windows 11,1.4,32.49 x 21.39 x 1.79 ~ 1.79 cm,Trung Quốc,2024,https://fptshop.com.vn/may-tinh-xach-tay/asus-vivobook-14-x1404za-nk389w-i7-1255u,Asus,Asus Vivobook 14 X1404ZA-NK389W i7 1255U,Core i7,1255U,14,1920 x 1080 Pixels,IPS,60,FHD,14 X1404ZA-NK389W i7 1255U
"Laptop Lenovo ThinkBook 14p G3 ARH R5-6600H/16GB/512GB/14.0""2.2K/Win 11 (No.00850262)",26890000.0,26890000.0,"1.4 inch, 1080 x 2240 Pixels, IPS, 60 Hz, 300 nits, IPS",Ryzen 5,16,512.0,AMD Radeon Graphics,Windows 11,1.4,"312 x 216 x 14,7 mm",Trung Quốc,2022,https://fptshop.com.vn/may-tinh-xach-tay/lenovo-thinkbook-14p-g3-arh-r5-6600h,Lenovo,Lenovo ThinkBook 14p G3 ARH R5-6600H,Ryzen 5,6600H,1.4,1080 x 2240 Pixels,IPS,60,300 nits,14p G3 ARH R5-6600H
"Laptop Asus Vivobook S15 S5406MA-PP136W Ultra 5 125H/AI/16GB/1TB/14"" OLED 3K/Intel Arc Graphics/Win11 (No.00907392)",26990000.0,26990000.0,"14 inch, 2880 x 1800 Pixels Màn hình chính:, OLED, 120, OLED",Core Ultra 5,16,1024.0,Intel Arc Graphics,Windows 11,1.3,31.05 x 22.19 x 1.39 ~ 1.59 cm,Trung Quốc,2024,https://fptshop.com.vn/may-tinh-xach-tay/asus-vivobook-s15-s5406ma-pp136w-ultra-5-125h,Asus,Asus Vivobook S15 S5406MA-PP136W Ultra 5 125H,Core Ultra 5,125H,14,2880 x 1800 Pixels Màn hình chính:,OLED,120,OLED,S15 S5406MA-PP136W Ultra 5 125H
"Laptop Asus Vivobook S15 S5406MA-PP161W Ultra 5 125H/AI/16GB/1TB/14"" OLED 3K/Intel Arc Graphics/Win11 (No.00907393)",26990000.0,26990000.0,"14 inch, 2880 x 1800 Pixels Màn hình chính:, OLED, 120, OLED",Core Ultra 5,16,1024.0,Intel Arc Graphics,Windows 11,1.3,31.05 x 22.19 x 1.39 ~ 1.59 cm,Trung Quốc,2024,https://fptshop.com.vn/may-tinh-xach-tay/asus-vivobook-s15-s5406ma-pp161w-ultra-5-125h,Asus,Asus Vivobook S15 S5406MA-PP161W Ultra 5 125H,Core Ultra 5,125H,14,2880 x 1800 Pixels Màn hình chính:,OLED,120,OLED,S15 S5406MA-PP161W Ultra 5 125H
Laptop HP Pavilion X360 14-ek1047TU i7 1355U/16GB/512GB/14''FHD Touch/Win11 (No.00907388),25290000.0,27290000.0,"14 inch, 1920 x 1080 Pixels, IPS, 0, IPS, edge-to-edge glass, with stylus support",i7,16,512.0,Intel UHD Graphics,Windows 11,1.5,32.2 x 21 x 1.99 cm,Trung Quốc,2023,https://fptshop.com.vn/may-tinh-xach-tay/hp-pavilion-x360-14-ek1047tu-i7-1355u,HP,HP Pavilion X360 14-ek1047TU i7 1355U,Core i7,1355U,14,1920 x 1080 Pixels,IPS,0,IPS,X360 14-ek1047TU i7 1355U
"Laptop Lenovo ThinkPad E14 Gen 5 i7-1355U/16GB/512GB/14.0""WUXGA/Win 11 (No.00907725)",24990000.0,25490000.0,"14 inch, 1920 x 1080 Pixels, IPS, 60, 300 nits, Anti-glare LED Backlit Ultra Slim Chính:",i7,16,512.0,Intel Iris Xe Graphics,Windows 11,1.5,324 x 220 x 18.9 mm,Trung Quốc,2024,https://fptshop.com.vn/may-tinh-xach-tay/lenovo-thinkpad-e14-gen-5-i7-1355u,Lenovo,Lenovo ThinkPad E14 Gen 5 i7-1355U,Core i7,1355U,14,1920 x 1080 Pixels,IPS,60,300 nits,E14 Gen 5 i7-1355U
"Laptop Asus TUF Gaming FA507NU-LP131W R5 7535HS/16GB/1TB/15.6"" FHD/Nvidia RTX4050 6GB//Win11 (No.00907105)",26990000.0,26990000.0,"15.6 inch, 1920 x 1080 Pixels, IPS, 144, 250 nits, FHD",Ryzen 5,16,1024.0,NVIDIA GeForce RTX 4050 6GB GDDR6; AMD Radeon Graphics,Windows 11,2.2,35.4 x 25.1 x 2.24 ~ 2.49 cm,Trung Quốc,2023,https://fptshop.com.vn/may-tinh-xach-tay/asus-tuf-gaming-fa507nu-lp131w-r5-7535hs,Asus,Asus TUF Gaming FA507NU-LP131W R5 7535HS,Ryzen 5,7535HS,15.6,1920 x 1080 Pixels,IPS,144,250 nits,Gaming FA507NU-LP131W R5 7535HS
Laptop Asus Zenbook 14 OLED UM3402YA-KM405W R5 7430U/16GB/512GB/14'' 2.8K/Win11 (No.00907109),23990000.0,23990000.0,"14 inch, 2880 x 1800 Pixels, OLED, 90, OLED",Ryzen 5,16,512.0,AMD Radeon Graphics,Windows 11,1.3,31.36 x 22.06 x 1.69 cm,Trung Quốc,2024,https://fptshop.com.vn/may-tinh-xach-tay/asus-zenbook-14-oled-um3402ya-km405w-r5-7430u,Asus,Asus Zenbook 14 OLED UM3402YA-KM405W R5 7430U,Ryzen 5,7430U,14,2880 x 1800 Pixels,OLED,90,OLED,14 OLED UM3402YA-KM405W R5 7430U
"Laptop Asus Vivobook A1505VA-L1201W i9 13900H/16GB/512GB/15.6""OLED/Win11 (No.00904507)",23990000.0,23990000.0,"15.6 inch, 1920 x 1080 Pixels, OLED, 60 Hz, OLED",i9,16,512.0,,Windows 11,1.7,35.68 x 22.76 x 1.99 mm,Trung Quốc,2023,https://fptshop.com.vn/may-tinh-xach-tay/asus-vivobook-a1505va-l1201w-i9-13900h,Asus,Asus Vivobook A1505VA-L1201W i9 13900H,Core i9,13900H,15.6,1920 x 1080 Pixels,OLED,60,OLED,A1505VA-L1201W i9 13900H
Laptop HP Pavilion X360 14-ek1049TU i5 1335U/16GB/512GB/14''FHD Touch/Win11 (No.00907389),24190000.0,24190000.0,"14 inch, 1920 x 1080 Pixels, IPS, 0, IPS, edge-to-edge glass, with stylus support",i5,16,512.0,Intel UHD Graphics,Windows 11,1.5,32.2 x 21 x 1.99 cm,Trung Quốc,2023,https://fptshop.com.vn/may-tinh-xach-tay/hp-pavilion-x360-14-ek1049tu-i5-1335u,HP,HP Pavilion X360 14-ek1049TU i5 1335U,Core i5,1335U,14,1920 x 1080 Pixels,IPS,0,IPS,X360 14-ek1049TU i5 1335U
"Laptop Asus Vivobook A1505VA-L1491W i7 13700H/16GB/512GB/15.6""OLED/Win11 (No.00907394)",22990000.0,22990000.0,"15.6 inch, 1920 x 1080 Pixels, OLED, 60, OLED",i7,16,512.0,Intel Iris Xe Graphics,Windows 11,1.7,35.68 x 22.76 x 1.99 ~ 1.99 cm,Trung Quốc,2024,https://fptshop.com.vn/may-tinh-xach-tay/asus-vivobook-a1505va-l1491w-i7-13700h,Asus,Asus Vivobook A1505VA-L1491W i7 13700H,Core i7,13700H,15.6,1920 x 1080 Pixels,OLED,60,OLED,A1505VA-L1491W i7 13700H
Laptop Asus Zenbook 14 OLED UM3402YA-KM405W R5 7530U/16GB/512GB/14'' 2.8K/Win11 (No.00907113),22990000.0,22990000.0,"14 inch, 2880 x 1800 Pixels Màn hình chính:, OLED, 90, OLED",Ryzen 5,16,512.0,AMD Radeon Graphics,Windows 11,1.3,31.36 x 22.06 x 1.69 cm,Trung Quốc,2024,https://fptshop.com.vn/may-tinh-xach-tay/asus-zenbook-14-oled-um3402ya-km405w-r5-7530u,Asus,Asus Zenbook 14 OLED UM3402YA-KM405W R5 7530U,Ryzen 5,7530U,14,2880 x 1800 Pixels Màn hình chính:,OLED,90,OLED,14 OLED UM3402YA-KM405W R5 7530U
"Laptop Lenovo IdeaPad Slim 5 14IMH9 Ultra 5 125H/16GB/512GB/14""WUXGA/OLED/Win 11 (No.00907595)",21990000.0,21990000.0,"14 inch, 1920 x 1200 Pixels, IPS, 60, 400 nits, OLED",Core Ultra 5,16,512.0,Intel Arc Graphics,Windows 11,1.4,312 x 221 x 16.9 mm,Trung Quốc,2024,https://fptshop.com.vn/may-tinh-xach-tay/lenovo-ideapad-slim-5-14imh9-ultra-5-125h,Lenovo,Lenovo IdeaPad Slim 5 14IMH9 Ultra 5 125H,Core Ultra 5,125H,14,1920 x 1200 Pixels,IPS,60,400 nits,Slim 5 14IMH9 Ultra 5 125H
"Laptop Acer Nitro V Gaming ANV15-51-53NE i5 13420H/16GB/512GB/15.6""FHD/RTX2050 4GB/Win11 (No.00907541)",23990000.0,23990000.0,"15.6 inch, FHD (1920 x 1080), IPS, 144, 250 nits, FHD",i5,16,512.0,NVIDIA Geforce RTX 2050 4GB; Intel UHD Graphics,Windows 11,2.1,362.3  x 239.89 x 22.9/26.9 mm,Trung Quốc,2023,https://fptshop.com.vn/may-tinh-xach-tay/acer-nitro-v-gaming-anv15-51-53ne-i5-13420h,Acer,Acer Nitro V Gaming ANV15-51-53NE i5 13420H,Core i5,13420H,15.6,FHD (1920 x 1080),IPS,144,250 nits,V Gaming ANV15-51-53NE i5 13420H
"Laptop Lenovo Ideapad Slim 5 15IRU9 CORE 5_120U/32GB/512G/15.3""WUXGA/Win11 (No.00907744)",21990000.0,21990000.0,"15.3 inch, 1920 x 1200 Pixels, IPS, 60, Anti - Glare",Core 5,32,512.0,Intel Graphics,Windows 11,1.7,343.5 x 238.21 x 17.42 mm,Trung Quốc,2024,https://fptshop.com.vn/may-tinh-xach-tay/lenovo-ideapad-slim-5-15iru9-core-5-120U,Lenovo,Lenovo Ideapad Slim 5 15IRU9 CORE 5_120U,Core 5,120U,15.3,1920 x 1200 Pixels,IPS,60,Anti - Glare,Slim 5 15IRU9 CORE 5_120U
"Laptop Lenovo IdeaPad Slim 5 14IMH9 U5-125H/16GB/512GB/14""WUXGA/OLED/Win 11 (No.00907727)",21490000.0,21990000.0,"14 inch, 1920 x 1200 Pixels, OLED, 60, 400 nits, OLED",Core Ultra 5,16,512.0,Intel Arc Graphics,Windows 11,1.4,312 x 221 x 16.9 mm,Trung Quốc,2024,https://fptshop.com.vn/may-tinh-xach-tay/lenovo-ideapad-slim-5-14imh9-u5-125h,Lenovo,Lenovo IdeaPad Slim 5 14IMH9 U5-125H,Core Ultra 5,125H,14,1920 x 1200 Pixels,OLED,60,400 nits,Slim 5 14IMH9 U5-125H
"Laptop Lenovo Gaming LOQ - 15IAX9 i5 12450HX/16GB/512GB/15.6""FHD/RTX2050 4GB/Win11 (No.00907728)",21490000.0,21990000.0,"15.6 inch, 1920 x 1080 Pixels, IPS, 144, IPS FHD",i5,16,512.0,NVIDIA GeForce RTX 2050 4GB GDDR6,Windows 11,2.3,359.86 x 258.7 x 21.9-23.9 mm,Trung Quốc,2024,https://fptshop.com.vn/may-tinh-xach-tay/lenovo-gaming-loq-15iax9-i5-12450hx,Lenovo,Lenovo Gaming LOQ - 15IAX9 i5 12450HX,Core i5,12450HX,15.6,1920 x 1080 Pixels,IPS,144,IPS FHD,LOQ - 15IAX9 i5 12450HX
"Laptop Lenovo ThinkPad E15 Gen 4 R5-5625U/8GB/512GB/15.6""FHD/Win 11 (No.00849511)",21290000.0,21290000.0,"15.6 inch, 1920 x 1080 Pixels, IPS, 60 Hz, 300 nits, FHD",Ryzen 5,8,512.0,AMD Radeon Graphics,Windows 11,1.7,365 x 240 x 18.9 mm,Trung Quốc,2022,https://fptshop.com.vn/may-tinh-xach-tay/lenovo-thinkpad-e15-gen-4-r5-5625u,Lenovo,Lenovo ThinkPad E15 Gen 4 R5-5625U,Ryzen 5,5625U,15.6,1920 x 1080 Pixels,IPS,60,300 nits,E15 Gen 4 R5-5625U
"Laptop Acer Aspire 5 A515-58P-71EJ i7 1355U/16GB/1T/15.6""FHD/Win11 (No.00907542)",20490000.0,20490000.0,"15.6 inch, FHD (1920 x 1080), IPS, 60, FHD",i7,16,1024.0,Intel Iris Xe Graphics,Windows 11,1.7,362.9  x 237.5 x 17.99 mm,Trung Quốc,2023,https://fptshop.com.vn/may-tinh-xach-tay/acer-aspire-5-a515-58p-71ej-i7-1355u,Acer,Acer Aspire 5 A515-58P-71EJ i7 1355U,Core i7,1355U,15.6,FHD (1920 x 1080),IPS,60,FHD,5 A515-58P-71EJ i7 1355U
"Laptop Lenovo ThinkBook 16 G6 ABP R5-7530U/16GB/512GB/16"" WUXGA/Win 11 (No.00907743)",20290000.0,20290000.0,"16 inch, 2560 x 1600 Pixels, IPS, 60, Anti-Glare",Ryzen 5,16,512.0,AMD Radeon Graphics,Windows 11,1.7,356 x 253.5 x 17.5 mm,Trung Quốc,2024,https://fptshop.com.vn/may-tinh-xach-tay/lenovo-thinkbook-16-g6-abp-r5-7530u,Lenovo,Lenovo ThinkBook 16 G6 ABP R5-7530U,Ryzen 5,7530U,16,2560 x 1600 Pixels,IPS,60,Anti-Glare,16 G6 ABP R5-7530U
"Laptop HP 15-fd0235TU i5 1334U/16GB/512GB SSD/15.6""FHD//Win11 (No.00906462)",19590000.0,19590000.0,"15.6 inch, 1920 x 1080 Pixels, SVA, 60, Anti-Glare",i5,16,512.0,Intel UHD Graphics,Windows 11,1.5,35.98 x 23.6 x 1.86 cm,Trung Quốc,2023,https://fptshop.com.vn/may-tinh-xach-tay/hp-15-fd0235tu-i5-1334u,HP,HP 15-fd0235TU i5 1334U,Core i5,1334U,15.6,1920 x 1080 Pixels,SVA,60,Anti-Glare,i5 1334U
"Laptop Asus TUF Gaming A15 FA506NC-HN011W R5 7535HS/8GB/ 512GB/15.6"" FHD/Nvidia RTX3050 4GB/Win11 (No.00906608)",21990000.0,21990000.0,"15.6 inch, 1920 x 1080 Pixels, IPS, 144, Anti - Glare",Ryzen 5,8,512.0,NVIDIA GeForce RTX 3050 4GB; AMD Radeon Graphics,Windows 11,2.3,35.9 x 25.6 x 2.28 ~ 2.45 cm,Trung Quốc,2024,https://fptshop.com.vn/may-tinh-xach-tay/asus-tuf-gaming-a15-fa506nc-hn011w-r5-7535hs,Asus,Asus TUF Gaming A15 FA506NC-HN011W R5 7535HS,Ryzen 5,7535HS,15.6,1920 x 1080 Pixels,IPS,144,Anti - Glare,Gaming A15 FA506NC-HN011W R5 7535HS
"Laptop HP 15-fd0237TU i5 1334U/8GB/512GB/15.6""FHD/Win 11 (No.00906461)",18790000.0,18790000.0,"15.6 inch, 1920 x 1080 Pixels, SVA, 60, Anti-Glare",i5,8,512.0,Intel UHD Graphics,Windows 11,1.5,35.98 x 23.6 x 1.86 cm,Trung Quốc,2023,https://fptshop.com.vn/may-tinh-xach-tay/hp-15-fd0237tu-i5-1334u,HP,HP 15-fd0237TU i5 1334U,Core i5,1334U,15.6,1920 x 1080 Pixels,SVA,60,Anti-Glare,i5 1334U
Laptop HP 14-ep0112TU i5 1335U/16GB/512GB/14''FHD/Win11 (No.00907390),19590000.0,19590000.0,"14 inch, 1920 x 1080 Pixels, SVA, 0, Anti-glare Micro-edge WLED-backlit",i5,16,512.0,Intel Iris Xe Graphics,Windows 11,1.4,32.37 x 21.5 x 1.79 cm,Trung Quốc,2023,https://fptshop.com.vn/may-tinh-xach-tay/hp-14-ep0112tu-i5-1335u,HP,HP 14-ep0112TU i5 1335U,Core i5,1335U,14,1920 x 1080 Pixels,SVA,0,Anti-glare Micro-edge WLED-backlit,i5 1335U
"Laptop MSI Gaming Thin 15 B12UCX-1419VN i5-12450H/8GB/512GB/15.6""FHD/RTX2050_4GB/Win11_Balo (No.00907722)",17990000.0,17990000.0,"15.6 inch, 1920 x 1080 Pixels, IPS, 144, 250 nits, FHD",i5,8,512.0,NVIDIA Geforce RTX 2050 4GB,Windows 11,1.8,359 x 254 x 21.7 mm,Trung Quốc,2024,https://fptshop.com.vn/may-tinh-xach-tay/msi-gaming-thin-15-b12ucx-1419vn-i5-12450h,MSI,MSI Gaming Thin 15 B12UCX-1419VN i5-12450H,Core i5,12450H,15.6,1920 x 1080 Pixels,IPS,144,250 nits,Thin 15 B12UCX-1419VN i5-12450H
Laptop Asus TUF Gaming A15 FA506NF-HN005W R5 7535HS/8GB/512GB/15.6'' FHD/Nvidia RTX2050 4GB/Win11 (No.00907526),19990000.0,19990000.0,"15.6 inch, 1920 x 1080 Pixels, IPS, 144, Anti-Glare",Ryzen 5,8,512.0,NVIDIA GeForce RTX 2050 4GB GDDR6; AMD Radeon Graphics,Windows 11,2.3,35.9 x 25.6 x 2.28 ~ 2.45 cm,Trung Quốc,2024,https://fptshop.com.vn/may-tinh-xach-tay/asus-tuf-gaming-a15-fa506nf-hn005w-r5-7535hs,Asus,Asus TUF Gaming A15 FA506NF-HN005W R5 7535HS,Ryzen 5,7535HS,15.6,1920 x 1080 Pixels,IPS,144,Anti-Glare,Gaming A15 FA506NF-HN005W R5 7535HS
"Laptop MSI Modern 15 B12MO-487VN i7 1255U/16GB/512GB/15.6"" FHD/Win11 (No.00884856)",19490000.0,19490000.0,"15.6 inch, 1920 x 1080 Pixels, IPS, 60 Hz, 300 nits, IPS",i7,16,512.0,Intel Iris Xe Graphics,Windows 11,1.7,359 * 241 * 19.9* mm,Trung Quốc,2023,https://fptshop.com.vn/may-tinh-xach-tay/msi-modern-15-b12mo-487vn-i7-1255u,MSI,MSI Modern 15 B12MO-487VN i7 1255U,Core i7,1255U,15.6,1920 x 1080 Pixels,IPS,60,300 nits,15 B12MO-487VN i7 1255U
"Laptop Lenovo Ideapad Flex 5 14ALC7 R7 5700U/16GB/512GB/14.0""WUXGA_Touch/Bút/Win 11 (No.00906629)",16990000.0,16990000.0,"14 inch, 1920 x 1200 Pixels, IPS, 60, 300 nits, Anti-Glare LED-Backlit Display",Ryzen 7,16,512.0,AMD Radeon Graphics,Windows 11,1.5,313.1 x 224.9 x 17.8 mm,Trung Quốc,2023,https://fptshop.com.vn/may-tinh-xach-tay/lenovo-ideapad-flex-5-14alc7-r7-5700u,Lenovo,Lenovo Ideapad Flex 5 14ALC7 R7 5700U,Ryzen 7,5700U,14,1920 x 1200 Pixels,IPS,60,300 nits,Flex 5 14ALC7 R7 5700U
"Laptop Lenovo Ideapad Flex 5 14ALC7 R5 5500U/16GB/512GB/14.0""WUXGA/Touch/Bút/Win 11 (No.00906630)",14990000.0,14990000.0,"14 inch, 1920 x 1200 Pixels, IPS, 60, 300 nits, Anti-Glare LED-Backlit Display",Ryzen 5,16,512.0,AMD Radeon Graphics,Windows 11,1.5,313.1 x 224.9 x 17.8 mm,Trung Quốc,2023,https://fptshop.com.vn/may-tinh-xach-tay/lenovo-ideapad-flex-5-14alc7-r5-5500u,Lenovo,Lenovo Ideapad Flex 5 14ALC7 R5 5500U,Ryzen 5,5500U,14,1920 x 1200 Pixels,IPS,60,300 nits,Flex 5 14ALC7 R5 5500U
"Laptop HP 15s-fq5231TU i3-1215U/8GB/256GB/15.6""FHD/Win11_8U241PA (No.00907713)",11990000.0,11990000.0,,,,,,Windows 11,,,,,https://fptshop.com.vn/may-tinh-xach-tay/hp-15s-fq5231tu-i3-1215u,HP,HP 15s-fq5231TU i3-1215U,,,,,,,,i3-1215U
