Title,Price sale,Price origin,CPU,Ram,Storage,Operating system,Brand,Screen size
"Laptop Asus Vivobook E1404FA-NK186W R5 7520U/16GB/512GB/14"" FHD/Win11 (No.00872250)",12290000.0,14990000.0,Ryzen 5,16.0,512.0,Windows 11,Asus,14.0
"Laptop Lenovo Gaming LOQ - 15IAX9 i5 12450HX/AI/16GB/512GB/15.6""FHD/Nvidia RTX 2050 4GB/Win11 (No.00906453)",18490000.0,21490000.0,i5,16.0,512.0,Windows 11,Lenovo,15.6
Laptop HP 14s-em0086AU R5 7520U/16GB/512GB/14''FHD/AMD Radeon Graphics/Win11 (No.00874398),13490000.0,15190000.0,Ryzen 5,16.0,512.0,Windows 11,HP,14.0
"Laptop Acer Aspire 3 A315-44P-R5QG R7 5700U/16GB/512GB/15.6""FHD/Win11 (No.00906291)",12490000.0,14990000.0,Ryzen 7,16.0,512.0,Windows 11,Acer,15.6
Laptop HP Pavilion Aero 13-be2098AU R7 7735U/16GB/512GB/13.3''WUXGA/Win11 (No.00900050),19490000.0,21990000.0,Ryzen 7,16.0,512.0,Windows 11,HP,13.3
"Laptop Asus TUF Gaming FX507ZC4-HN095W i5 12500H/16GB/512GB/15.6""/Nvidia RTX 3050 4GB/Win11 (No.00883758)",20990000.0,24990000.0,i5,16.0,512.0,Windows 11,Asus,15.6
"Laptop Lenovo Ideapad 3 15IAU7 i7 1255U/16GB/512GB/15.6""FHD/Win 11 (No.00899872)",15690000.0,17490000.0,i7,16.0,512.0,Windows 11,Lenovo,15.6
"Laptop MSI Modern 14 C7M-220VN R5 7530U/8GB/512GB/14""FHD/Win 11 (No.00895155)",10490000.0,11990000.0,Ryzen 5,8.0,512.0,Windows 11,MSI,14.0
Laptop Asus TUF Gaming FX506HF-HN017W i5 11400H/16GB/512GB/GeForce RTX 2050 4GB/Win11 (No.00870696),17490000.0,19990000.0,i5,16.0,512.0,Windows 11,Asus,15.6
"Laptop Dell Inspiron 15 N3530 i5 1335U/16GB/512GB/15.6""FHD/NVIDIA MX550 2GB/Win11/Office HS21 (No.00904770)",22090000.0,22090000.0,i5,16.0,512.0,Windows 11,Dell,15.6
"Laptop Asus Vivobook X1404ZA-NK387W i3 1215U/8GB/512GB/14"" FHD/Win11 (No.00904944)",9990000.0,11990000.0,i3,8.0,512.0,Windows 11,Asus,14.0
"Laptop Lenovo IdeaPad 3 14IAH8 i5 12450H/16GB/512GB/14""FHD/Win11 (No.00898312)",13890000.0,15490000.0,i5,16.0,512.0,Windows 11,Lenovo,14.0
"Laptop MSI Gaming Thin GF63 12VE-454VN i5 12450H/16GB/512GB/15.6"" FHD/GeForce RTX 4050 6GB/Win 11 (No.00878325)",19990000.0,22990000.0,i5,16.0,512.0,Windows 11,MSI,15.6
"Laptop Dell Inspiron 15 N3520 i5 1235U/16GB/512GB/15.6""FHD/Win11/Office HS21 (N5I5011W1) (No.00906638)",16490000.0,16990000.0,i5,16.0,512.0,Windows 11,Dell,15.6
"Laptop HP 245 G10 R5 7520U/8GB/256GB/14""FHD/Win11 (8F154PA) (No.00900029)",10490000.0,13290000.0,Ryzen 5,8.0,256.0,Windows 11,HP,14.0
"Laptop Acer Aspire 7 Gaming A715-76-57CY i5 12450H/8GB/512GB/15.6""""FHD/Win11 (No.00881876)",12490000.0,16990000.0,i5,8.0,512.0,Windows 11,Acer,15.6
"Laptop Asus Vivobook X1504VA-NJ526W i5 1335U/16GB/512GB SSD/15.6"" FHD/Win11 (No.00904943)",15990000.0,18990000.0,i5,16.0,512.0,Windows 11,Asus,15.6
"Laptop Lenovo IdeaPad 1 15ALC7 R5 5500U/16GB/512GB/15.6"" FHD/Win11 (No.00901952)",10490000.0,12990000.0,Ryzen 5,16.0,512.0,Windows 11,Lenovo,15.6
"Laptop HP 15s-fq5144TU i7 1255U/16GB/512GB/15.6""FHD/Win11 (No.00859668)",18490000.0,22890000.0,i7,16.0,512.0,Windows 11,HP,15.6
Laptop Asus Vivobook M3504YA-L1268W R5 7530U/16GB/512GB/15.6''OLED/Win11 (No.00895027),15490000.0,18990000.0,Ryzen 5,16.0,512.0,Windows 11,Asus,15.6
Laptop HP 14s-em0078AU R5 7520U/8GB/ 512GB/14''FHD/Win11 (No.00873154),12490000.0,14190000.0,Ryzen 5,8.0,512.0,Windows 11,HP,14.0
"Laptop HP Pavilion 14-dv2071TU i7 1255U/16GB/512GB/14""FHD/Win11 (No.00884156)",20990000.0,25190000.0,i7,16.0,512.0,Windows 11,HP,14.0
"Laptop MSI Gaming GF63 Thin 11UC-1228VN i7-11800H/8GB/512GB/15.6""FHD/GeForce RTX3050_4GB/Win11 (No.00859660)",20490000.0,20490000.0,i7,8.0,512.0,Windows 11,MSI,15.0
"Laptop Masstel E140 Celeron N4120/4GB/128GB/14""HD/Win 10 (No.00800737)",3590000.0,7990000.0,Celeron,4.0,128.0,Windows 11,Masstel,14.0
"Laptop Dell Vostro V3520 i5 1235U/16GB/512GB/15.6""FHD/Win11/Office HS21 (No.00907316)",16490000.0,16990000.0,i5,16.0,512.0,Windows 11,Dell,15.6
"Laptop Asus Vivobook 16 X1605ZA-MB193W i3 1215U/8GB/512GB/16"" WUXGA/Win11 (No.00879616)",12290000.0,12290000.0,i3,8.0,512.0,Windows 11,Asus,16.0
"Laptop Acer Aspire 3 A315-510P-34XZ i3 N305/8GB/512GB/15.6""FHD/Win11 (No.00906639)",8990000.0,10990000.0,i3,8.0,512.0,Windows 11,Acer,15.6
"Laptop Dell Inspiron 15 N3530 i7 1355U/16GB/512GB/15.6""FHD/NVIDIA MX550 2GB/Win11/Office HS21 (No.00902024)",25290000.0,25490000.0,i7,16.0,512.0,Windows 11,Dell,15.6
"Laptop MSI Gaming GF63 12UCX-841VN i5 12450H/8GB/512GB/15.6"" FHD/RTX2050_4GB/Win11 (No.00902058)",17990000.0,17990000.0,i5,8.0,512.0,Windows 11,MSI,15.6
Laptop Acer Aspire 7 Gaming A715-76G-5806 i5 12450H/16GB/512GB/NVIDIA RTX3050 4GB/Win11 (No.00902037),19990000.0,22990000.0,i5,16.0,512.0,Windows 11,Acer,15.6
"Laptop Acer Aspire Lite AL15-51M-55NB i5-1155G7/8GB/512GB/15.6""FHD/Win11 (No.00906442)",12990000.0,12990000.0,i5,8.0,512.0,Windows 11,Acer,15.6
"Laptop Gigabyte Gaming G5 MF-F2VN313SH i5 12450H/16GB/512GB/15.6""FHD/Geforce RTX4050 6GB/Win11 (No.00881860)",23290000.0,23290000.0,i5,16.0,512.0,Windows 11,Gigabyte,15.6
Laptop Asus TUF Gaming FA507NU-LP045W R7 7735HS/16GB/512GB/15.6''/Nvidia RTX 4050 6GB/Win11 (No.00904948),23490000.0,27990000.0,Ryzen 7,16.0,512.0,Windows 11,Asus,15.6
"Laptop Asus Vivobook Pro K3405VC-KM070W i9 13900H/16GB/512GB/14"" OLED 2.8K/GeForce RTX3050 4GB/Win11 (No.00879631)",26490000.0,33990000.0,i9,16.0,512.0,Windows 11,Asus,14.0
"Laptop Lenovo IdeaPad Slim 5 Light 14ABR8 R5 7530U/8GB/512GB/14""FHD/Win 11 (No.00906643)",12690000.0,16990000.0,Ryzen 5,8.0,512.0,Windows 11,Lenovo,14.0
"Laptop Asus TUF Gaming FX506HC-HN144W i5 11400H/8GB/512GB/15.6""FHD/GeForce RTX 3050 4GB/Win 11 (No.00807493)",21990000.0,21990000.0,i5,8.0,512.0,Windows 11,Asus,15.6
"Laptop HP 15-fd0083TU i7 1355U/16GB/512GB/15.6""FHD/Win11 (No.00900039)",22490000.0,22490000.0,i7,16.0,512.0,Windows 11,HP,15.6
"Laptop Lenovo IdeaPad Slim 5 16IAH8 i5 12450H/16GB/512GB/16""WUXGA/Win11 (No.00884149)",15490000.0,17490000.0,i5,16.0,512.0,Windows 11,Lenovo,16.0
Laptop HP Pavilion 15-eg3112TU i7 1355U/16GB/512GB/15.6''FHD/Win11 (No.00900043),25290000.0,25290000.0,i7,16.0,512.0,Windows 11,HP,15.6
"Laptop Acer Gaming Aspire 5 A515-58GM-53CM i5 13420H/32GB/512GB/15.6""FHD/RTX2050 4GB/Win11 (No.00907314)",22990000.0,22990000.0,i5,32.0,512.0,Windows 11,Acer,15.6
"Laptop Lenovo ThinkBook 14 G6 IRL i5-13500H/16GB/512GB/14""WUXGA/Win11 (No.00906632)",20890000.0,20890000.0,i5,16.0,512.0,Windows 11,Lenovo,14.0
"Laptop MSI Gaming GF63 Thin 12UC-1006VN i5 12450H/16GB/512GB/15.6""FHD/Nvidia RTX 3050 4GB/Win11 (No.00904737)",19990000.0,19990000.0,i5,16.0,512.0,Windows 11,MSI,15.6
Laptop MSI Gaming Raider GE77HX 12UHS-229VN i9 12900HX/64GB/2TB/17.3UHD/Nvidia RTX 3080Ti 16GB/Win11 (No.00882688),126990000.0,126990000.0,i9,64.0,1024.0,Windows 11,MSI,17.3
MacBook Pro 14 2023 M3 Pro 11 CPU/14GPU/36GB/512GB (No.00905860),59990000.0,59990000.0,M3 Pro,36.0,512.0,Mac,Mac,14.2
MacBook Pro 14 2023 M3 Pro 12 CPU/18 GPU/18GB/1TB (No.00905256),59990000.0,59990000.0,M3 Pro,18.0,1024.0,Mac,Mac,14.2
Laptop Asus Zenbook 14 Duo OLED UX8406MA-PZ142W U9 185H/AI/32GB/1TB/14'' 3K Touch/Intel Arc Graphics/Win11 (No.00907523),58990000.0,59990000.0,Core Ultra 9,32.0,1024.0,Windows 11,Asus,14.0
"Laptop Lenovo ThinkPad X1 Carbon Gen 9 i7 1165G7/16GB/512GB/14""WUXGA/Win 11 (No.00825873)",47990000.0,52990000.0,i7,16.0,512.0,Windows 11,Lenovo,14.0
"Laptop MSI Gaming Sword 16 HX B14VGKG-038VN i7-14700HX/16GB/1TB/16""QHD+/RTX4070_8GB/Win11_Balo (No.00907721)",45990000.0,45990000.0,i7,16.0,1024.0,Windows 11,MSI,16.0
"Laptop MSI Gaming Sword 16 HX B14VFKG-045VN i7 14700HX/16GB/1TB/16""QHD+/RTX4060 8GB/Win11/Balo (No.00907593)",39990000.0,39990000.0,i7,16.0,1024.0,Windows 11,MSI,16.0
"Laptop MSI Gaming Katana 15 B13VGK-1211VN i7 13620H/16GB/1TB/15.6""FHD/RTX 4070 8GB/Win11/Balo (No.00884858)",41990000.0,41990000.0,i7,16.0,1024.0,Windows 11,MSI,15.6
MacBook Pro 14 2023 M3 8 CPU/10 GPU/8GB/512GB (No.00905263),38790000.0,39990000.0,M3,8.0,512.0,Mac,Mac,14.2
"Laptop MSI Creator M16 B13VE-830VN i7 13700H/16GB/512GB SSD/16""FHD/RTX4050 8GB/Win 11 (No.00881433)",39990000.0,39990000.0,i7,16.0,512.0,Windows 11,MSI,16.0
"Laptop Acer Swift Edge SFA16-41-R3L6 R7 6800U/16GB/1TB/16"" WQUXGA/Win11 (No.00884868)",34990000.0,39990000.0,Ryzen 7,16.0,1024.0,Windows 11,Acer,16.0
Macbook Air M3 15 2024 8CPU 10GPU/8GB/256GB (No.00907139),32990000.0,32990000.0,M3,8.0,256.0,Mac,Mac,15.3
"Laptop Lenovo Gaming LOQ - 15IRX9 i7 13650HX/AI/16GB/512GB/15.6""FHD/RTX4060 8GB/Win 11 (No.00906625)",33990000.0,33990000.0,i7,16.0,512.0,Windows 11,Lenovo,15.6
Laptop Asus TUF Gaming F15 FX507VU-LP197W i7 13620H/32GB/512GB/15.6'' 144Hz/Nvidia RTX 4050 6GB/Win 11 (No.00906614),30990000.0,33990000.0,i7,32.0,512.0,Windows 11,Asus,15.6
"Laptop MSI Gaming Katana A15 AI B8VF-419VN R7-8845HS/16GB/512GB/15.6""FHD/RTX4060_8GB/Win11_Balo (No.00907723)",30990000.0,30990000.0,Ryzen 7,16.0,512.0,Windows 11,MSI,15.6
Macbook Air M2 13 inch 2022 8CPU 10GPU/16GB/256GB (No.00907331),29990000.0,29990000.0,M2,16.0,256.0,Mac,Mac,13.6
"Laptop MSI Gaming Cyborg 15 AI A1VE-053VN Ultra 7 155H/16GB/512GB/15.6""FHD/RTX4050 6GB/Win11/Balo (No.00906451)",30990000.0,30990000.0,Core Ultra 7,16.0,512.0,Windows 11,MSI,15.6
"Laptop Asus Zenbook Flip UP3404VA-KN039W i7 1360P/16GB/512GB/14"" OLED Touch/Win11 (No.00890477)",29990000.0,33990000.0,i7,16.0,512.0,Windows 11,Asus,14.0
"Laptop MSI Gaming Katana 15 B13VFK-676VN i7 13620H/16GB/1TB/Geforce RTX 4060 8GB/15.6""FHD/Win11 - Balo (No.00863509)",29990000.0,31990000.0,i7,16.0,1024.0,Windows 11,MSI,15.6
"Laptop LG Gram 14T90R-G.AH55A5 i5 1340P/16GB/512GB/14""WUXGA/Win11 (No.00881938)",28990000.0,37990000.0,i5,16.0,512.0,Windows 11,LG,14.0
"Laptop Asus TUF Gaming FX507ZV4-LP042W i7 12700H/16GB/512GB/15.6""/Nvidia RTX 4060 8GB/Win11 (No.00898378)",33490000.0,33490000.0,i7,16.0,512.0,Windows 11,Asus,15.6
"Laptop MSI Gaming Katana A15 AI B8VE-402VN R7 8845HS/16GB/512GB/15.6""FHD/RTX4050 6GB/Win 11/Balo (No.00906452)",28990000.0,28990000.0,Ryzen 7,16.0,512.0,Windows 11,MSI,15.6
"Laptop Dell Inspiron 14 2in1 T7430 i7 1355U/16GB/512GB/14.0"" FHD+/Win11/Office HS21/Bút (No.00904931)",28490000.0,29490000.0,i7,16.0,512.0,Windows 11,Dell,14.0
"Laptop Asus Zenbook 14 OLED UX3405MA-PP151W Intel Core Ultra 5 125H/AI/ 16GB/512GB/14"" 3K/Intel Arc Graphics/Win11 (No.00905799)",27990000.0,28990000.0,Ultra 5 Meteor Lake,16.0,512.0,Windows 11,Asus,14.0
Macbook Air M3 13 2024 8CPU 8GPU/8GB/256GB (No.00907149),27990000.0,27990000.0,M3,8.0,256.0,Mac,Mac,13.6
MacBook Air 15 inch M2 2023 8CPU 10GPU 8GB/256GB (No.00881927),32890000.0,32890000.0,M2,8.0,512.0,Mac,Mac,15.3
"Laptop Acer Swift Go AI SFG14-73-71ZX Intel Core Ultra 7 155H/16GB/512GB/14"" 2.8K/Intel Arc Graphics/Win11 (No.00907712)",26990000.0,26990000.0,Core Ultra 7,16.0,512.0,Windows 11,Acer,14.0
"Laptop Acer Nitro V Gaming ANV15-51-55CA i5 13420H/16GB/512GB/15.6""FHD/Nvidia RTX 4050 6GB/Win11 (No.00905038)",27990000.0,27990000.0,i5,16.0,512.0,Windows 11,Acer,15.6
"Laptop Asus Zenbook 14 OLED UX3402VA-KM068W i7-1360P/16GB/512GB/14""OLED/Win11 (No.00904738)",31990000.0,31990000.0,i7,16.0,512.0,Windows 11,Asus,14.0
"Laptop MSI Prestige 14Evo B13M-401VN i5 13500H/16GB/512GB/14""FHD/Win 11 (No.00888834)",26990000.0,26990000.0,i5,16.0,512.0,Windows 11,MSI,14.0
"Laptop Acer Swift 3 SF314-512-741L i7 1260P/16GB/1T/14"" QHD/Win11 (No.00884870)",30490000.0,30490000.0,i7,16.0,1024.0,Windows 11,Acer,14.0
Laptop Asus TUF Gaming FA507NV-LP046W R7 7735HS/8GB/512GB/GeForce RTX 4060 8GB/Win11 (No.00879626),25490000.0,31490000.0,Ryzen 7,8.0,512.0,Windows 11,Asus,15.6
MacBook Air 13 inch M2 2022 8CPU 8GPU 8GB/256GB (No.00818146),27990000.0,27990000.0,M2,8.0,256.0,Mac,Mac,13.6
"Laptop HP ProBook 440 G10 i7 1360P/16GB/512GB/14""FHD Touch/Win11 (No.00888666)",27490000.0,27490000.0,i7,16.0,512.0,Windows 11,HP,14.0
"Laptop Gigabyte Gaming G5 MF5-H2VN353SH i7 13620H/16GB/512GB/15.6""FHD/RTX4050_6GB/Win11 (No.00906648)",27990000.0,27990000.0,i7,16.0,512.0,Windows 11,Gigabyte,15.6
"Laptop Acer Swift Go AI SFG14-73-53X7 Intel Core Ultra 5 125H/16GB/512GB/14"" 2.8K/Intel Arc Graphics/Win11 (No.00907711)",23990000.0,23990000.0,Core Ultra 5,16.0,512.0,Windows 11,Acer,14.0
Laptop Asus TUF Gaming FA507NU-LP034W R7 7735HS/8GB/512GB/GeForce RTX 4050 6GB/Win11 (No.00879624),23990000.0,26990000.0,Ryzen 7,8.0,512.0,Windows 11,Asus,15.6
"Laptop Gigabyte Gaming G5 KF-E3VN313SH i5 12500H/16GB/512GB/15.6""FHD/RTX4060 8GB/Win11 (No.00875578)",26490000.0,26490000.0,i5,16.0,512.0,Windows 11,Gigabyte,15.0
"Laptop Asus Vivobook Flip TP3402VA-LZ118W i9 13900H/16GB/512GB/14""Touch/Win11 (No.00904510)",22990000.0,26490000.0,i9,16.0,512.0,Windows 11,Asus,14.0
"Laptop Lenovo Yoga Slim 6 14IRH8 i7 13700H/16GB/512GB/14""WUXGA OLED/Win11/Office HS21 (No.00905057)",22990000.0,24990000.0,i7,16.0,512.0,Windows 11,Lenovo,14.0
"Laptop Gigabyte Gaming G5 MF5-52VN353SH i5 13500H/16GB/512GB/15.6""FHD/RTX4050_6GB/Win11 (No.00906646)",22990000.0,25790000.0,i5,16.0,512.0,Windows 11,Gigabyte,15.6
"Laptop HP Gaming Victus 16-s0078AX R5-7640HS/16GB/512GB/16.1""FHD/Nvidia RTX3050 6GB/Win11 (No.00900041)",22490000.0,27390000.0,Ryzen 5,16.0,512.0,Windows 11,HP,16.0
"Laptop Asus Vivobook S3405VA-KM071W i9 13900H/16GB/512GB/14"" 2.8K OLED//Win11 (No.00879628)",22490000.0,26990000.0,i9,16.0,512.0,Windows 11,Asus,14.0
"Laptop Lenovo ThinkPad E16 G1 i5 13500H/16GB/512GB/16""WUXGA/Win 11 (No.00907329)",22900000.0,22900000.0,i5,16.0,512.0,Windows 11,Lenovo,16.0
"Laptop Asus Vivobook S3504VA-L1227WS i7 1360P/16GB/512GB/15.6"" FHD OLED/Win11 (No.00881387)",25990000.0,25990000.0,i7,16.0,512.0,Windows 11,Asus,15.6
"Laptop Acer Nitro Gaming AN515-58-769J i7 12700H/8GB/512GB/15.6""FHD/GeForce RTX 3050 4GB/Win11 (No.00834736)",21990000.0,29990000.0,i7,8.0,512.0,Windows 11,Acer,15.6
"Laptop Acer Swift X SFX16-51G-50GS i5 11320H/16GB/512GB/GeForce RTX3050 4GB/16.1"" FHD/Win 11 (No.00884872)",21990000.0,30990000.0,i5,16.0,512.0,Windows 11,Acer,16.1
"Laptop Lenovo Thinkpad T14s Gen 2 i5 1145G7/16GB/512GB/14"" FHD/Win 11 (No.00905155)",22990000.0,22990000.0,i5,16.0,512.0,Windows 11,Lenovo,14.0
Laptop Acer Nitro 5 Tiger Gaming AN515-58-52SP i5 12500H/8GB/512GB SSD/GeForce RTX 3050 4GB/Win11 (No.00798025),20990000.0,29490000.0,i5,8.0,512.0,Windows 11,Acer,15.6
"Laptop HP ProBook 440 G10 i5 1340P/16GB/512GB/14""FHD Touch/Win11 (No.00888665)",23290000.0,23290000.0,i5,16.0,512.0,Windows 11,HP,14.0
"Laptop Asus Vivobook Pro 14 OLED K3405ZF-KM184W i5 12500H/16GB/512GB/14"" 2.8K/Nvidia RTX2050 4GB/Win11 (No.00906609)",20490000.0,25990000.0,i5,16.0,512.0,Windows 11,Asus,14.0
Laptop HP Gaming Victus 15-fb1022AX R5 7535HS/16GB/512GB/15.6''FHD/NVIDIA RTX2050 4GB/Win11 (No.00906463),19990000.0,25490000.0,Ryzen 5,16.0,512.0,Windows 11,HP,15.6
"Laptop Lenovo Gaming LOQ - 15IAX9 i5 12450HX/AI/12GB/512GB/15.6""FHD/RTX3050 6GB/Win11 (No.00906624)",19790000.0,22990000.0,i5,12.0,512.0,Windows 11,Lenovo,15.6
"Laptop Lenovo Ideapad Gaming 3 15ARH7 R5 7535HS/8GB/512GB/15.6""FHD/Nvidia RTX 4050 6GB/Win11 (No.00892738)",25990000.0,25990000.0,Ryzen 5,8.0,512.0,Windows 11,Lenovo,15.6
"Laptop HP Pavilion 14-dv2072TU i7 1255U/8GB/512GB/14""FHD/Win11 (No.00888670)",23890000.0,23890000.0,i7,8.0,512.0,Windows 11,HP,14.0
Laptop HP Pavilion 15-eg3111TU i5 1335U/16GB/512GB/15.6''FHD/Win11 (No.00900042),21290000.0,21290000.0,i5,16.0,512.0,Windows 11,HP,15.6
"Laptop Asus TUF Gaming FX517ZC-HN077W i5 12450H/8GB/512GB/15.6""FHD/GeForce RTX 3050 4GB/Win 11 (No.00800822)",18490000.0,23990000.0,i5,8.0,512.0,Windows 11,Asus,15.6
MacBook Air 13 inch M1 2020 8CPU 7GPU 8GB/256GB (No.00725093),18490000.0,22990000.0,,8.0,256.0,Mac,Mac,13.3
"Laptop Lenovo IdeaPad Slim 5 14IRL8 i5 13500H/16GB/1TB/14""WUXGA/OLED/Win11 (No.00906626)",18490000.0,20990000.0,i5,16.0,1024.0,Windows 11,Lenovo,14.0
"Laptop Acer Gaming Aspire 5 A515-58GM-59QZ i5 13420H/32GB/512GB/15.6""FHD/Nvidia RTX 2050 4GB/Win11 (No.00905227)",22990000.0,22990000.0,i5,32.0,512.0,Windows 11,Acer,15.6
"Laptop Gigabyte Gaming A5 K1-AVN1030SB R5 5600H/8GB/512GB/15.6""FHD/Nvidia RTX 3060 6GB/Win11 (No.00882605)",17490000.0,19990000.0,Ryzen 5,8.0,512.0,Windows 11,Gigabyte,15.6
"Laptop Lenovo ThinkBook 15 G5 ABP R5 7530U/16GB/512GB/15.6""FHD/Win 11 (No.00904952)",18690000.0,18690000.0,Ryzen 5,16.0,512.0,Windows 11,Lenovo,15.6
"Laptop Lenovo ThinkBook 16 G6 IRL i5-13500H/16GB/512GB/16.0""WUXGA/Win11 (No.00907594)",17490000.0,17990000.0,i5,16.0,512.0,Windows 11,Lenovo,16.0
"Laptop Lenovo Ideapad Slim 3 15IRH8 i7 13620H/16GB/512GB/15.6"" FHD/Win 11 (No.00907328)",18490000.0,18490000.0,i7,16.0,512.0,Windows 11,Lenovo,15.6
"Laptop MSI Gaming Cyborg 15 A12UCX-281VN i5-12450H/8GB/512GB/15.6""FHD/RTX 2050 4GB/Win11_Balo (No.00904603)",18990000.0,18990000.0,i5,8.0,512.0,Windows 11,MSI,15.6
"Laptop MSI Gaming Cyborg 15 A12UCX-281VN i5-12450H/8GB/512GB/15.6""FHD/RTX 2050 4GB/Win11_Balo (No.00904603)",16990000.0,18990000.0,i5,8.0,512.0,Windows 11,MSI,15.6
"Laptop Lenovo Ideapad Slim 5 Light 14ABR8 R7 7730U/16GB/512GB/14.0""FHD/Win11 (No.00881885)",19990000.0,19990000.0,Ryzen 7,16.0,512.0,Windows 11,Lenovo,14.0
"Laptop HP 15s fq5160TU i5 1235U/16GB/512GB/15.6""FHD/Win 11 (No.00851505)",19990000.0,19990000.0,i5,16.0,512.0,Windows 11,HP,15.6
"Laptop HP 15s-fq5146TU i7 1255U/8GB/512GB/15.6""FHD/Win11 (No.00862458)",22890000.0,22890000.0,i7,8.0,512.0,Windows 11,HP,15.6
"Laptop Dell Inspiron 15 N3520 i5 1235U/16GB/512GB/15.6""FHD/Win11/Office HS21 (25P231) (No.00906292)",16490000.0,16990000.0,i5,16.0,512.0,Windows 11,Dell,15.6
Laptop HP Pavilion 15-eg2083TU i5 1240P/8GB/512GB/15.6''FHD/Win11 (No.00859666),16190000.0,19790000.0,i5,8.0,512.0,Windows 11,HP,15.0
"Laptop Dell Vostro 14 V3420 i5 1235U/8GB/512GB/14""FHD/Win11/Office HS21 (No.00907767)",15990000.0,15990000.0,,,,Windows 11,Dell,
"Laptop Acer Aspire 7 A715-76-53PJ i5 12450H/16GB/512GB/15.6""""FHD/Win11 (No.00904728)",16990000.0,16990000.0,i5,16.0,512.0,Windows 11,Acer,15.6
Laptop Acer Aspire Gaming A715-43G-R8GA R5 5625U/8GB/512GB SSD/GeForce RTX3050 4GB/Win 11 (No.00879630),15490000.0,21990000.0,Ryzen 5,8.0,512.0,Windows 11,Acer,15.6
Laptop VAIO FE14 i5 1235U/8GB/512GB/14'' FHD/Intel UHD/Win11/VWNC51427-BK (No.00884028),15490000.0,18990000.0,i5,8.0,512.0,Windows 11,VAIO,14.0
Laptop Acer Nitro Gaming AN515-57-5669 i5 11400H/8GB/512GB SSD/GeForce GTX 1650 4GB/Win11 (No.00789041),15490000.0,22490000.0,i5,8.0,512.0,Windows 11,Acer,15.6
"Laptop Asus Vivobook  A1503ZA-L1139W i5 12500H/8GB/512GB/15.6""FHD/Win 11 (No.00825034)",14990000.0,21490000.0,i5,8.0,512.0,Windows 11,Asus,15.6
"Laptop Asus Vivobook M3504YA-L1144W R5 7530U/16GB/512GB/15.6""OLED/Win11 (No.00881383)",14990000.0,18990000.0,Ryzen 5,16.0,512.0,Windows 11,Asus,15.6
"Laptop MSI Modern 15 B7M-238VN R7 7730U/16GB/512GB/15.6""FHD/Win 11 (No.00878151)",16990000.0,16990000.0,Ryzen 7,16.0,512.0,Windows 11,MSI,15.6
"Laptop Acer Aspire 5 A515-58P-56RP i5 1335U/16GB/512GB/15.6""FHD/Win11 (No.00904691)",16990000.0,16990000.0,i5,16.0,512.0,Windows 11,Acer,15.6
Laptop Asus Vivobook M1605YA-MB303W R7 7730U/16GB/512GB/16 inch/Win11 (No.00904945),15990000.0,15990000.0,Ryzen 7,16.0,512.0,Windows 11,Asus,16.0
"Laptop Asus Vivobook X1605VA-MB105W i5 1335U/8GB/512GB SSD/16"" WUXGA/Win11 (No.00873156)",18190000.0,18190000.0,i5,8.0,512.0,Windows 11,Asus,16.0
Laptop Acer Swift 3 SF314-511-55QE i5 1135G7/16GB/512GB SSD/Win11 (No.00793771),13990000.0,23790000.0,i5,16.0,512.0,Windows 11,Acer,14.0
Laptop Lenovo V14 G4 IRU i5 1335U/16GB/512GB/14” FHD/Win 11 (No.00906645),14790000.0,14790000.0,i5,16.0,512.0,Windows 11,Lenovo,14.0
Laptop Acer Swift 3 SF314-43-R4X3 R5 5500U/16GB/512GB SSD/Win11 (No.00783546),13490000.0,20990000.0,Ryzen 5,16.0,512.0,Windows 11,Acer,14.0
"Laptop Acer Aspire 3 A315-59-51X8 i5 1235U/8GB/512GB/15.6""FHD/Win11 (No.00888750)",12990000.0,17990000.0,i5,8.0,512.0,Windows 11,Acer,15.6
"Laptop MSI Modern 15 B7M-231VN R5 7530U/16GB/512GB/15.6""FHD/Win 11 (No.00888833)",14990000.0,14990000.0,Ryzen 5,16.0,512.0,Windows 11,MSI,15.6
"Laptop Lenovo Ideapad 1 - 14ALC7 R7 5700U/16GB/512GB/14.0"" FHD/Win 11 (No.00906628)",13990000.0,13990000.0,Ryzen 7,16.0,512.0,Windows 11,Lenovo,14.0
Laptop Acer Aspire 5 A514-54-5127 i5 1135G7/8GB/512GB SSD/14.0''FHD/Win11 (No.00797334),12490000.0,16990000.0,i5,8.0,512.0,Windows 11,Acer,14.0
"Laptop Acer Aspire 3 A314-23M-R4TX R5 7520U/8GB/512GB/14""FHD/Win11 (No.00888224)",13290000.0,13290000.0,Ryzen 5,8.0,512.0,Windows 11,Acer,14.0
"Laptop MSI Modern 15 B7M-098VN R7 7730U/8GB/512GB/15.6""FHD/Win 11 (No.00866562)",14990000.0,14990000.0,Ryzen 7,8.0,512.0,Windows 11,MSI,15.6
"Laptop Lenovo V15 G4 AMN R5 7520U/16GB/512GB/15.6""FHD/Win11 (No.00907327)",11490000.0,11490000.0,Ryzen 5,16.0,512.0,Windows 11,Lenovo,15.6
"Laptop HP 15s-fq5230TU i3-1215U/8GB/256GB/15.6""FHD/Win11 (No.00906458)",9990000.0,11990000.0,i3,8.0,256.0,Windows 11,HP,15.6
"Laptop Huawei MateBook D14 BE i3 1215U/8GB/256GB/14""FHD+/Win11 (No.00888042)",11990000.0,11990000.0,i3,8.0,256.0,Windows 11,Huawei,14.0
"Laptop HP 245 G9 R5 5625U/8GB/256GB/14""FHD/Win11 (No.00881756)",13090000.0,13090000.0,Ryzen 5,8.0,256.0,Windows 11,HP,14.0
Laptop HP 240 G10 i3 N305/8GB/256GB/14'' FHD/Win11 (No.00907512),11990000.0,11990000.0,i3,8.0,256.0,Windows 11,HP,14.0
Laptop HP 14s-em0080AU R3 7320U/8GB/256GB/14''FHD/Win11 (No.00872256),8990000.0,11690000.0,Ryzen 3,8.0,256.0,Windows 11,HP,14.0
"Laptop Asus Vivobook X1404ZA-NK075W i3 1215U/8GB/256GB/14"" FHD/Win11 (No.00892868)",12490000.0,12490000.0,i3,8.0,256.0,Windows 11,Asus,14.0
Laptop Asus ROG Strix Scar 18 Gaming G834JYR-R6011W i9 14900HX/64GB/2TB/18'' 240Hz/Nvidia RTX4090 16GB/Win11 (No.00906610),130000000.0,130000000.0,i9,64.0,1024.0,Windows 11,Asus,18.0
MacBook Pro 16 2023 M3 Max 16 CPU/40 GPU/48GB/1TB (No.00905252),102490000.0,102490000.0,M3 Max,48.0,1024.0,Mac,Mac,16.2
Laptop Asus ROG Strix 16 Gaming G634JZR-NM009W i9 14900HX/64GB/2TB/16'' 240Hz/Nvidia RTX4080 12GB/Win11 (No.00906612),100000000.0,110000000.0,i9,64.0,1024.0,Windows 11,Asus,16.0
MacBook Pro 16 2023 M3 Max 14 CPU/30 GPU/36GB/1TB (No.00905254),89990000.0,89990000.0,M3 Max,36.0,1024.0,Mac,Mac,16.2
MacBook Pro 14 2023 M3 Max 14 CPU/30 GPU/36GB/1TB (No.00905260),79990000.0,79990000.0,M3 Max,36.0,1024.0,Mac,Mac,14.2
MacBook Pro 16 2023 M3 Pro 12 CPU/18 GPU/36GB/512GB (No.00905248),74990000.0,74990000.0,M3 Pro,36.0,512.0,Mac,Mac,16.2
Laptop Asus ROG Strix 18 Gaming G814JIR-N6007W i9 14900HX/32G/1TB/18'' 240Hz/Nvidia RTX4070 8GB/Win11 (No.00906611),70990000.0,70990000.0,i9,32.0,1024.0,Windows 11,Asus,18.0
"Laptop Lenovo Gaming Legion Pro 5 16IRX9 i9 14900HX/32GB/1TB/16""WQXGA/Win11 (No.00907215)",48990000.0,48990000.0,i9,32.0,1024.0,Windows 11,Lenovo,16.0
"Laptop Lenovo Gaming Legion 5 16IRX9 i714650HX/16GB/512GB/16""WQXGA/RTX4060 8GB/Win 11H (No.00906644)",40990000.0,41990000.0,i7,16.0,512.0,Windows 11,Lenovo,16.0
"Laptop MSI Gaming Sword 16 HX B14VEKG-039VN i7-14700HX/16GB/1TB/16""FHD+/RTX4050_6GB/Win11_Balo (No.00907724)",34990000.0,34990000.0,i7,16.0,1024.0,Windows 11,MSI,16.0
"Laptop Asus TUF Gaming FA507NU-LP140W R5 7535HS/8GB/512GB/15.6""/Nvidia RTX 4050 6GB/Win11 (No.00904947)",28490000.0,28490000.0,Ryzen 5,8.0,512.0,Windows 11,Asus,15.6
"Laptop Lenovo ThinkBook 14s Yoga ITL i7 1165G7/16GB/512GB/14"" FHD IPS Touch/Bút/Win 11 (No.00821069)",,,i7,16.0,512.0,Windows 11,Lenovo,14.0
"Laptop Lenovo IdeaPad Slim 5 14IMH9 U7-155H/32GB/1TB/14""WUXGA/OLED/Win11 (No.00907726)",27990000.0,27990000.0,Core Ultra 7,32.0,1024.0,Windows 11,Lenovo,14.0
Laptop Asus Vivobook 14 X1404ZA-NK389W i7 1255U/16GB/512GB/14'' FHD/Win11 (No.00907525),28990000.0,28990000.0,i7,16.0,512.0,Windows 11,Asus,14.0
"Laptop Lenovo ThinkBook 14p G3 ARH R5-6600H/16GB/512GB/14.0""2.2K/Win 11 (No.00850262)",26890000.0,26890000.0,Ryzen 5,16.0,512.0,Windows 11,Lenovo,1.4
"Laptop Asus Vivobook S15 S5406MA-PP136W Ultra 5 125H/AI/16GB/1TB/14"" OLED 3K/Intel Arc Graphics/Win11 (No.00907392)",26990000.0,26990000.0,Core Ultra 5,16.0,1024.0,Windows 11,Asus,14.0
"Laptop Asus Vivobook S15 S5406MA-PP161W Ultra 5 125H/AI/16GB/1TB/14"" OLED 3K/Intel Arc Graphics/Win11 (No.00907393)",26990000.0,26990000.0,Core Ultra 5,16.0,1024.0,Windows 11,Asus,14.0
Laptop HP Pavilion X360 14-ek1047TU i7 1355U/16GB/512GB/14''FHD Touch/Win11 (No.00907388),25290000.0,27290000.0,i7,16.0,512.0,Windows 11,HP,14.0
"Laptop Lenovo ThinkPad E14 Gen 5 i7-1355U/16GB/512GB/14.0""WUXGA/Win 11 (No.00907725)",24990000.0,25490000.0,i7,16.0,512.0,Windows 11,Lenovo,14.0
"Laptop Asus TUF Gaming FA507NU-LP131W R5 7535HS/16GB/1TB/15.6"" FHD/Nvidia RTX4050 6GB//Win11 (No.00907105)",26990000.0,26990000.0,Ryzen 5,16.0,1024.0,Windows 11,Asus,15.6
Laptop Asus Zenbook 14 OLED UM3402YA-KM405W R5 7430U/16GB/512GB/14'' 2.8K/Win11 (No.00907109),23990000.0,23990000.0,Ryzen 5,16.0,512.0,Windows 11,Asus,14.0
"Laptop Asus Vivobook A1505VA-L1201W i9 13900H/16GB/512GB/15.6""OLED/Win11 (No.00904507)",23990000.0,23990000.0,i9,16.0,512.0,Windows 11,Asus,15.6
Laptop HP Pavilion X360 14-ek1049TU i5 1335U/16GB/512GB/14''FHD Touch/Win11 (No.00907389),24190000.0,24190000.0,i5,16.0,512.0,Windows 11,HP,14.0
"Laptop Asus Vivobook A1505VA-L1491W i7 13700H/16GB/512GB/15.6""OLED/Win11 (No.00907394)",22990000.0,22990000.0,i7,16.0,512.0,Windows 11,Asus,15.6
Laptop Asus Zenbook 14 OLED UM3402YA-KM405W R5 7530U/16GB/512GB/14'' 2.8K/Win11 (No.00907113),22990000.0,22990000.0,Ryzen 5,16.0,512.0,Windows 11,Asus,14.0
"Laptop Lenovo IdeaPad Slim 5 14IMH9 Ultra 5 125H/16GB/512GB/14""WUXGA/OLED/Win 11 (No.00907595)",21990000.0,21990000.0,Core Ultra 5,16.0,512.0,Windows 11,Lenovo,14.0
"Laptop Acer Nitro V Gaming ANV15-51-53NE i5 13420H/16GB/512GB/15.6""FHD/RTX2050 4GB/Win11 (No.00907541)",23990000.0,23990000.0,i5,16.0,512.0,Windows 11,Acer,15.6
"Laptop Lenovo Ideapad Slim 5 15IRU9 CORE 5_120U/32GB/512G/15.3""WUXGA/Win11 (No.00907744)",21990000.0,21990000.0,Core 5,32.0,512.0,Windows 11,Lenovo,15.3
"Laptop Lenovo IdeaPad Slim 5 14IMH9 U5-125H/16GB/512GB/14""WUXGA/OLED/Win 11 (No.00907727)",21490000.0,21990000.0,Core Ultra 5,16.0,512.0,Windows 11,Lenovo,14.0
"Laptop Lenovo Gaming LOQ - 15IAX9 i5 12450HX/16GB/512GB/15.6""FHD/RTX2050 4GB/Win11 (No.00907728)",21490000.0,21990000.0,i5,16.0,512.0,Windows 11,Lenovo,15.6
"Laptop Lenovo ThinkPad E15 Gen 4 R5-5625U/8GB/512GB/15.6""FHD/Win 11 (No.00849511)",21290000.0,21290000.0,Ryzen 5,8.0,512.0,Windows 11,Lenovo,15.6
"Laptop Acer Aspire 5 A515-58P-71EJ i7 1355U/16GB/1T/15.6""FHD/Win11 (No.00907542)",20490000.0,20490000.0,i7,16.0,1024.0,Windows 11,Acer,15.6
"Laptop Lenovo ThinkBook 16 G6 ABP R5-7530U/16GB/512GB/16"" WUXGA/Win 11 (No.00907743)",20290000.0,20290000.0,Ryzen 5,16.0,512.0,Windows 11,Lenovo,16.0
"Laptop HP 15-fd0235TU i5 1334U/16GB/512GB SSD/15.6""FHD//Win11 (No.00906462)",19590000.0,19590000.0,i5,16.0,512.0,Windows 11,HP,15.6
"Laptop Asus TUF Gaming A15 FA506NC-HN011W R5 7535HS/8GB/ 512GB/15.6"" FHD/Nvidia RTX3050 4GB/Win11 (No.00906608)",21990000.0,21990000.0,Ryzen 5,8.0,512.0,Windows 11,Asus,15.6
"Laptop HP 15-fd0237TU i5 1334U/8GB/512GB/15.6""FHD/Win 11 (No.00906461)",18790000.0,18790000.0,i5,8.0,512.0,Windows 11,HP,15.6
Laptop HP 14-ep0112TU i5 1335U/16GB/512GB/14''FHD/Win11 (No.00907390),19590000.0,19590000.0,i5,16.0,512.0,Windows 11,HP,14.0
"Laptop MSI Gaming Thin 15 B12UCX-1419VN i5-12450H/8GB/512GB/15.6""FHD/RTX2050_4GB/Win11_Balo (No.00907722)",17990000.0,17990000.0,i5,8.0,512.0,Windows 11,MSI,15.6
Laptop Asus TUF Gaming A15 FA506NF-HN005W R5 7535HS/8GB/512GB/15.6'' FHD/Nvidia RTX2050 4GB/Win11 (No.00907526),19990000.0,19990000.0,Ryzen 5,8.0,512.0,Windows 11,Asus,15.6
"Laptop MSI Modern 15 B12MO-487VN i7 1255U/16GB/512GB/15.6"" FHD/Win11 (No.00884856)",19490000.0,19490000.0,i7,16.0,512.0,Windows 11,MSI,15.6
"Laptop Lenovo Ideapad Flex 5 14ALC7 R7 5700U/16GB/512GB/14.0""WUXGA_Touch/Bút/Win 11 (No.00906629)",16990000.0,16990000.0,Ryzen 7,16.0,512.0,Windows 11,Lenovo,14.0
"Laptop Lenovo Ideapad Flex 5 14ALC7 R5 5500U/16GB/512GB/14.0""WUXGA/Touch/Bút/Win 11 (No.00906630)",14990000.0,14990000.0,Ryzen 5,16.0,512.0,Windows 11,Lenovo,14.0
"Laptop HP 15s-fq5231TU i3-1215U/8GB/256GB/15.6""FHD/Win11_8U241PA (No.00907713)",11990000.0,11990000.0,,,,Windows 11,HP,
Laptop Lenovo Ideapad Slim 5 14IAH8 83BF002NVN,12190000.0,17290000.0,i5,16.0,1024.0,Windows 11,Lenovo,14.0
Laptop HP Pavilion 14-DV2073TU 7C0P2PA,13490000.0,20990000.0,i5,16.0,512.0,Windows 11,HP,14.0
Laptop Huawei Matebook D15,7990000.0,13990000.0,Ryzen 7,8.0,512.0,Windows 11,Huawei,15.6
Laptop MSI Gaming Bravo 15 B7ED-010VN,13490000.0,18490000.0,Ryzen 5,16.0,512.0,Windows 11,MSI,15.6
Laptop Lenovo IdeaPad 3 14ITL6 82H701QWVN,6390000.0,11290000.0,i3,8.0,512.0,Windows 11,Lenovo,14.0
Macbook Air M3 13 inch 2024 8GB - 256GB | Chính hãng Apple Việt Nam,25390000.0,27990000.0,M3,8.0,256.0,Mac,Mac,13.6
Laptop ASUS VivoBook S 14 FLIP TP3402VA-LZ025W,8490000.0,16990000.0,I3,8.0,256.0,Windows 11,ASUS,14.0
Macbook Air M3 15 inch 2024 8GB - 256GB | Chính hãng Apple Việt Nam,29690000.0,32990000.0,M3,8.0,256.0,Mac,Mac,15.3
Laptop MSI Gaming GF63 12VE-460VN,18490000.0,22490000.0,i5,8.0,512.0,Windows 11,MSI,15.6
Laptop ASUS Zenbook 14 OLED UM3402YA-KM405W,17490000.0,24990000.0,Ryzen 5,16.0,512.0,Windows 11,ASUS,14.0
Laptop Lenovo Ideapad Slim 5 14IAH8 83BF002NVN,12190000.0,17290000.0,i5,16.0,1024.0,Windows 11,Lenovo,14.0
Laptop ASUS TUF Gaming F15 FX507ZC4-HN074W,16490000.0,25990000.0,i5,8.0,1024.0,Windows 11,ASUS,15.6
Laptop ASUS VivoBook 15 OLED A1505VA-L1114W,14590000.0,20990000.0,,16.0,512.0,Windows 11,ASUS,15.6
Laptop ASUS VivoBook Go 14 E1404FA-NK177W,9290000.0,14490000.0,Ryzen 5,16.0,512.0,Windows 11,ASUS,14.0
Laptop HP Pavilion 14-DV2073TU 7C0P2PA,13490000.0,20990000.0,i5,16.0,512.0,Windows 11,HP,14.0
Laptop ASUS TUF GAMING F15 FX506HF-HN014W,13290000.0,21990000.0,i5,8.0,512.0,Windows 11,ASUS,15.6
Macbook Pro 14 M3 8GB - 512GB | Chính hãng Apple Việt Nam,36490000.0,39990000.0,M3,8.0,512.0,Mac,Mac,14.2
Laptop MSI Gaming GF63 12UC-887VN,15990000.0,20990000.0,i7,8.0,512.0,Windows 11,MSI,15.6
Laptop HP Victus 15-FA1155TX 952R1PA,14990000.0,23590000.0,i5,8.0,512.0,Windows 11,HP,15.6
Laptop MSI Gaming GF63 12UCX-841VN,12990000.0,17990000.0,i5,8.0,512.0,Windows 11,MSI,15.6
Laptop ASUS Gaming ROG Zephyrus G14 GA402NJ-L4056W,27490000.0,42990000.0,Ryzen 7,16.0,1024.0,Windows 11,ASUS,14.0
Laptop ASUS TUF Gaming A15 FA506NF-HN005W,13490000.0,19990000.0,,8.0,512.0,Windows 11,ASUS,15.6
MacBook Pro 16 inch M2 Pro 2023 (12 CPU - 19 GPU - 16GB - 512GB),46990000.0,65990000.0,M2,16.0,1024.0,Mac,Mac,16.0
Laptop Lenovo IdeaPad Slim 3 14IAH8 83EQ0005VN,10890000.0,15490000.0,i5,16.0,1024.0,Windows 11,Lenovo,14.0
Laptop ASUS Zenbook 14 Oled UX3405MA-PP151W,23990000.0,28990000.0,iltra,16.0,512.0,Windows 11,ASUS,14.0
Laptop ASUS VivoBook 14 OLED A1405VA-KM095W,14590000.0,20990000.0,i5,16.0,512.0,Windows 11,ASUS,14.0
Macbook Air 15 inch M2 2023 8GB 256GB sạc 70W | Chính hãng Apple Việt Nam,25590000.0,32990000.0,M2,8.0,256.0,Mac,Mac,15.4
Laptop Lenovo Yoga Slim 7 14IMH9 83CV001UVN,25290000.0,29990000.0,Ultra Ultra,32.0,1024.0,Windows 11,Lenovo,14.0
Surface Pro 8 Core i5 / 8GB / 128GB Nhập khẩu chính hãng,17990000.0,22990000.0,i5,8.0,128.0,Mac,Mac,13.0
Laptop ASUS VivoBook 15 X1504VA-NJ069W,7390000.0,12690000.0,i3,8.0,512.0,Windows 11,ASUS,15.6
Laptop Asus ROG Zephyrus M16 GU604VI-NM779W,64890000.0,77990000.0,i9,32.0,1024.0,Windows 11,Asus,16.0
Laptop Acer Gaming Aspire 7 A715-76-53PJ,12490000.0,16990000.0,i5,16.0,1024.0,Windows 11,Acer,15.6
Laptop Lenovo V14 G4 AMN 82YT00M8VN,8890000.0,13290000.0,Ryzen 5,16.0,512.0,Windows 11,Lenovo,14.0
Mac mini M2 2023 (8 CPU - 10 GPU - 8GB - 256GB) | Chính hãng Apple Việt Nam,12990000.0,15990000.0,M2,8.0,256.0,Mac,Mac,14.0
Laptop Lenovo Ideapad 3 15IAU7 82RK001PVN,8390000.0,17990000.0,i5,8.0,1024.0,Windows 11,Lenovo,15.6
Laptop ASUS  ZenBook 14 OLED UX3402VA-KM203W,19690000.0,25990000.0,,16.0,512.0,Windows 11,ASUS,14.0
Laptop Huawei Matebook D15,7990000.0,13990000.0,Ryzen 7,8.0,512.0,Windows 11,Huawei,15.6
Laptop ASUS Vivobook 15 X1504ZA-NJ582W,6990000.0,12990000.0,i3,8.0,512.0,Windows 11,ASUS,15.6
Laptop HP Envy X360 BF0112TU 7C0N9PA,20190000.0,29690000.0,i5,16.0,512.0,Windows 11,HP,13.3
Laptop Lenovo IdeaPad Slim 3 14IAH8 83EQ0009VN,11290000.0,16490000.0,i5,16.0,1024.0,Windows 11,Lenovo,14.0
Laptop Lenovo LOQ 15IAX9 83GS001SVN,14990000.0,20990000.0,i5,12.0,512.0,Windows 11,Lenovo,15.6
Laptop ASUS VivoBook 15 X1504VA-NJ070W,12490000.0,18490000.0,i5,16.0,512.0,Windows 11,ASUS,15.6
Laptop Lenovo Yoga Duet 7 13ITL6 82MA009NVN,15990000.0,28490000.0,i5,8.0,512.0,Windows 11,Lenovo,13.0
Laptop HP Pavilion X360 14-EK1047TU 80R25PA,21390000.0,27290000.0,i7,16.0,512.0,Windows 11,HP,14.0
Laptop MSI Gaming Bravo 15 B7ED-010VN,13490000.0,18490000.0,Ryzen 5,16.0,512.0,Windows 11,MSI,15.6
Laptop Acer Gaming Aspire 5 A515-58GM-53PZ,13490000.0,20490000.0,i5,8.0,1024.0,Windows 11,Acer,15.6
Macbook Air M3 15 inch 2024 16GB - 256GB sạc 70W | Chính hãng Apple Việt Nam,34990000.0,37990000.0,M3,16.0,256.0,Mac,Mac,15.6
Macbook Pro 14 M3 Pro 18GB - 1TB | Chính hãng Apple Việt Nam,55990000.0,59990000.0,M3,18.0,1024.0,Mac,Mac,14.2
MacBook Pro 14 inch M3 2023 (8 CPU - 10 GPU 16GB 512GB),42490000.0,44990000.0,M3,16.0,512.0,Mac,Mac,14.2
Laptop Lenovo ThinkBook 15 G5 IRL 21JD002FVN,13290000.0,18490000.0,i5,16.0,1024.0,Windows 11,Lenovo,15.6
Laptop Acer Aspire 7 A715-76G-5806,16990000.0,22990000.0,i5,16.0,1024.0,Windows 11,Acer,15.6
Laptop Lenovo IdeaPad 3 14ITL6 82H701QWVN,6390000.0,11290000.0,i3,8.0,512.0,Windows 11,Lenovo,14.0
Mac mini M2 2023 (8 CPU - 10 GPU - 16GB - 256GB) | Chính hãng Apple Việt Nam,17990000.0,22990000.0,M2,16.0,256.0,Mac,Mac,14.0
Laptop Asus Expertbook B1402CBA-NK2669W,10990000.0,19990000.0,i5,16.0,512.0,Windows 11,Asus,14.0
Laptop ASUS VivoBook X415EA-EK2043W,6290000.0,11490000.0,i3,8.0,256.0,Windows 11,ASUS,14.0
Laptop ASUS TUF Gaming F15 FX507VU-LP198W,24990000.0,30990000.0,i7,8.0,512.0,Windows 11,ASUS,15.6
Laptop HP 15S-FQ5231TU 8U241PA,6990000.0,11990000.0,i3,8.0,256.0,Windows 11,HP,15.6
MacBook Air 15 inch M2 2023 16GB 256GB | Chính hãng Apple Việt Nam,33990000.0,37990000.0,M2,16.0,256.0,Mac,Mac,15.0
Laptop ASUS TUF Gaming A15 FA507NV-LP046W,22490000.0,35990000.0,Ryzen 7,8.0,1024.0,Windows 11,ASUS,15.6
Laptop ASUS Vivobook 16 M1605YA-MB303W,11690000.0,18490000.0,Ryzen 7,16.0,512.0,Windows 11,ASUS,16.0
Laptop Lenovo Ideapad Slim 3 14IRH8 83EL0023VN,13990000.0,17990000.0,i7,16.0,1024.0,Windows 11,Lenovo,14.0
Macbook Pro 14 inch M2 Max 2023 (12 CPU - 30 GPU - 32GB - 1TB),58490000.0,81990000.0,M2,32.0,1024.0,Mac,Mac,14.2
Laptop ASUS TUF Gaming A16 Advantage Edition FA617NS-N3486W,19390000.0,32990000.0,Ryzen 7,8.0,512.0,Windows 11,ASUS,16.0
Laptop HP Pavilion 15-EG2089TU 7C0R1PA,14990000.0,21900000.0,i7,8.0,512.0,Windows 11,HP,15.6
Laptop Lenovo Ideapad Slim 5 14IMH9 83DA001NVN,17690000.0,21990000.0,Ultra Ultra,16.0,1024.0,Windows 11,Lenovo,14.0
Laptop Acer Aspire 3 A314-42P-R3B3 NX.KSFSV.001,9190000.0,13990000.0,Ryzen 7,16.0,1024.0,Windows 11,Acer,14.0
Laptop Asus Vivobook 15 X1504ZA-NJ517W,11590000.0,16490000.0,i5,16.0,512.0,Windows 11,Asus,15.6
Laptop Lenovo IdeaPad 3 15ITL6 82H80388VN,8090000.0,13690000.0,i5,8.0,1024.0,Windows 11,Lenovo,15.6
Macbook Pro 16 M3 Pro 18GB - 512GB | Chính hãng Apple Việt Nam,60990000.0,64990000.0,M3,18.0,512.0,Mac,Mac,16.2
MacBook Pro 16 inch M2 Pro 2023 (12 CPU - 19 GPU - 16GB - 1TB),49990000.0,70990000.0,M2,16.0,1024.0,Mac,Mac,16.0
Laptop MSI Cyborg 15 A12UCX-618VN,14490000.0,19990000.0,i5,16.0,512.0,Windows 11,MSI,15.6
Laptop Asus TUF Gaming A15 FA507NV-LP061W,25290000.0,34990000.0,,16.0,1024.0,Windows 11,Asus,15.6
Laptop Acer Aspire 5 A515-58GM-59LJ,13490000.0,20490000.0,i5,8.0,1024.0,Windows 11,Acer,15.6
Mac mini M2 Pro 2023 (10 CPU - 16 GPU - 16GB - 512GB) | Chính hãng Apple Việt Nam,29990000.0,34990000.0,M2,16.0,512.0,Mac,Mac,14.0
Laptop Lenovo Ideapad Slim 5 14IMH9 83DA0020VN,23190000.0,27990000.0,Ultra Ultra,32.0,1024.0,Windows 11,Lenovo,14.0
Laptop Asus Vivobook 14 OLED A1405VA-KM257W,14490000.0,20990000.0,i5,16.0,512.0,Windows 11,Asus,14.0
Laptop Lenovo IdeaPad Flex 5 14IAU7 82R700JLVN,13490000.0,18990000.0,i5,16.0,512.0,Windows 11,Lenovo,14.0
Laptop Gigabyte MF F2VN333SH,16990000.0,22990000.0,i5,8.0,512.0,Windows 11,Gigabyte,15.6
Laptop Acer Aspire 7 A715-76G-59MW,14990000.0,21490000.0,i5,8.0,1024.0,Windows 11,Acer,15.6
Laptop Lenovo IdeaPad 3 14ITL6 82H701QYVN,10490000.0,15490000.0,i5,16.0,512.0,Windows 11,Lenovo,14.0
Mac mini M2 2023 (8 CPU - 10 GPU - 16GB - 512GB) | Chính hãng Apple Việt Nam,21990000.0,27990000.0,M2,16.0,512.0,Mac,Mac,14.0
Laptop MSI Modern 15 B7M-231VN,9990000.0,14990000.0,Ryzen 5,16.0,512.0,Windows 11,MSI,15.6
Laptop Asus Vivobook 15 Oled A1505VA L1491W,16690000.0,22990000.0,I7,16.0,512.0,Windows 11,Asus,15.6
Macbook Air M3 13 inch 2024 8GB - 512GB | Chính hãng Apple Việt Nam,30490000.0,32990000.0,M3,8.0,512.0,Mac,Mac,13.6
Laptop Acer Swift 3 SF314-512-56QN NX.K0FSV.002,15490000.0,23790000.0,i5,16.0,512.0,Windows 11,Acer,14.0
Laptop LG GRAM 2023 16Z90RS-G.AH54A5,30990000.0,43990000.0,i5,16.0,512.0,Windows 11,LG,16.0
Laptop Lenovo Yoga Slim 6 14IRH8 83E00008VN,19990000.0,24990000.0,i7,16.0,1024.0,Windows 11,Lenovo,14.0
Laptop MSI Katana 15 B13VFK-676VN,26990000.0,36990000.0,i7,16.0,1024.0,Windows 11,MSI,15.6
Laptop ASUS ZenBook S 13 OLED UX5304VA-NQ125W,27990000.0,39990000.0,i7,16.0,512.0,Windows 11,ASUS,13.3
Laptop ASUS Zenbook 14 Flip OLED UP3404VA-KN039W,24990000.0,33990000.0,,16.0,512.0,Windows 11,ASUS,14.0
Laptop ASUS Zenbook 14 Flip OLED UP3404VA-KN038W,21990000.0,29990000.0,,16.0,512.0,Windows 11,ASUS,14.0
Laptop HP Elitebook 630 G9 6M142PA,13990000.0,19990000.0,i5,8.0,256.0,Windows 11,HP,13.3
Laptop HP Pavilion 15-EG3095TU 8C5L6PA,14790000.0,19990000.0,i5,8.0,512.0,Windows 11,HP,15.6
Laptop MSI Modern 15 B13M-438VN,10990000.0,18490000.0,i5,8.0,512.0,Windows 11,MSI,15.6
Laptop Gaming Acer Nitro 5 Tiger AN515-58-769J NH.QFHSV.003,18990000.0,29990000.0,i7,8.0,1024.0,Windows 11,Gaming,15.6
Laptop MSI Cyborg 15 A12UCX-281VN,13990000.0,19990000.0,I5,8.0,512.0,Windows 11,MSI,15.6
Laptop Acer Aspire 5 Spin 14 A5SP14-51MTN-573X,15990000.0,20990000.0,i5,16.0,1024.0,Windows 11,Acer,14.0
Macbook Air M3 13 inch 2024 16GB - 256GB sạc 30W | Chính hãng Apple Việt Nam,30990000.0,30990000.0,M3,16.0,256.0,Mac,Mac,13.6
Laptop MSI Modern 15 B7M-238VN,11990000.0,16990000.0,Ryzen 7,16.0,512.0,Windows 11,MSI,15.6
Macbook Pro 16 M3 Pro 36GB - 512GB | Chính hãng Apple Việt Nam,70990000.0,74990000.0,M3,36.0,512.0,Mac,Mac,16.2
Laptop MSI Modern 14 C13M-607VN,14490000.0,21490000.0,I7,16.0,512.0,Windows 11,MSI,14.0
Laptop Lenovo IdeaPad 3 14ITL6 82H701QVVN,12490000.0,17490000.0,i7,16.0,512.0,Windows 11,Lenovo,14.0
Macbook Pro 14 M3 8GB - 1TB | Chính hãng Apple Việt Nam,40990000.0,44990000.0,M3,8.0,1024.0,Mac,Mac,14.2
Laptop Gigabyte G5 KF-E3VN313SH,19990000.0,26490000.0,i5,16.0,512.0,Windows 11,Gigabyte,15.6
Laptop MSI Modern 14 C13M-609VN,10990000.0,17990000.0,i5,8.0,512.0,Windows 11,MSI,14.0
Laptop Gigabyte G5 KF-E3VN333SH,19990000.0,25990000.0,i5,8.0,512.0,Windows 11,Gigabyte,15.6
Laptop Lenovo Ideapad Yoga 6 13ALC6 82ND00BDVN,11990000.0,16800000.0,Ryzen 7,8.0,512.0,Windows 11,Lenovo,13.3
Laptop MSI Cyborg 15 A12VE-412VN,18490000.0,24990000.0,i5,8.0,512.0,Windows 11,MSI,15.6
Mac Studio M2 Max 2023 | Chính hãng Apple Việt Nam,52990000.0,52990000.0,M2,32.0,512.0,Mac,Mac,14.0
Laptop LG GRAM 2IN1 14T90R-G.AH55A5,25990000.0,37990000.0,i5,16.0,512.0,Windows 11,LG,14.0
Laptop HP Pavilion 15-EG3093TU 8C5L4PA,15590000.0,21290000.0,i5,16.0,512.0,Windows 11,HP,15.6
Laptop ASUS VivoBook 15X OLED S3504VA-L1227WS,18890000.0,25990000.0,i7,16.0,512.0,Windows 11,ASUS,15.6
Laptop Gaming MSI GF63 12UCX-841VN,12990000.0,17990000.0,i5,8.0,512.0,Windows 11,Gaming,15.6
Laptop HP Pavilion 15-EG2034TX 6K780PA,17090000.0,23400000.0,i7,8.0,512.0,Windows 11,HP,15.6
Mac Studio 2022 M1 Ultra | Chính hãng Apple Việt Nam,21213181.0,21213181.0,,64.0,1024.0,Mac,Mac,14.0
Mac mini M2 2023 (8 CPU - 10 GPU - 24GB - 256GB) | Chính hãng Apple Việt Nam,22690000.0,27990000.0,M2,24.0,256.0,Mac,Mac,14.0
Laptop Asus Vivobook 14X A1403ZA-LY072W,8490000.0,14300000.0,i3,8.0,256.0,Windows 11,Asus,14.0
Laptop HP 348 G7 9PH19PA,12990000.0,21190000.0,i7,8.0,512.0,Windows 11,HP,14.0
Laptop Asus TUF Gaming F15 FX507VI-LP088W,35990000.0,45990000.0,i7,16.0,1024.0,Windows 11,Asus,15.6
Laptop MSI Modern 15 B7M-098VN,10490000.0,16490000.0,Ryzen 7,8.0,512.0,Windows 11,MSI,15.6
Mac mini M2 2023 (8 CPU - 10 GPU - 8GB - 512GB) | Chính hãng Apple Việt Nam,17190000.0,21990000.0,M2,8.0,512.0,Mac,Mac,14.0
MacBook Air 15 inch M2 2023 8GB 512GB sạc 70W | Chính hãng Apple Việt Nam,-2000000.0,-2000000.0,M2,8.0,512.0,Mac,Mac,15.0
Laptop LG Gram 2023 16ZD90R-G.AX55A5,27990000.0,39990000.0,i5,16.0,512.0,Windows 11,LG,16.0
Laptop LG Gram 2023 15Z90RT-G.AH55A5,29990000.0,42990000.0,i5,16.0,512.0,Windows 11,LG,15.6
Laptop MSI Modern 14 C12M-241VN,12990000.0,19990000.0,i7,8.0,512.0,Windows 11,MSI,14.0
Laptop Lenovo Ideapad 15IAU7 82RK001NVN,8590000.0,13600000.0,i3,8.0,512.0,Windows 11,Lenovo,15.6
Laptop LG Gram 2023 16Z90R-G.AH76A5,32990000.0,46990000.0,i7,16.0,512.0,Windows 11,LG,16.0
iMac M3 24 inch 16GB 512GB | Chính hãng Apple Việt Nam,44490000.0,46990000.0,M3,16.0,512.0,Mac,Mac,24.0
Laptop LG Gram 2021 14Z90P-G.AH75A5 14 inch,22990000.0,41300000.0,i7,16.0,512.0,Windows 11,LG,14.0
Laptop Intel NUC M15 BBC510EAUXBC1,16990000.0,21700000.0,i5,16.0,1024.0,Windows 11,Intel,15.6
Macbook Pro 14 M3 (8 CPU - 10 GPU - 16GB - 1TB) | Chính hãng Apple Việt Nam,47990000.0,47990000.0,M3,16.0,1024.0,Mac,Mac,14.2
Laptop MSI Cyborg 15 A1VEK-053VN,-3000000.0,-3000000.0,Ultra Ultra,16.0,512.0,Windows 11,MSI,15.6
Laptop ASUS Vivobook Slate T3300,13490000.0,17790000.0,,8.0,256.0,Windows 11,ASUS,13.3
Laptop ASUS Gaming ROG Zephyrus G16 GU605MV-QR135W,21213181.0,21213181.0,Ultra Ultra,32.0,1024.0,Windows 11,ASUS,16.0
Laptop ASUS Vivobook GO 15 E1504FA-NJ454W,21213181.0,21213181.0,Ryzen 5,16.0,512.0,Windows 11,ASUS,15.6
Laptop ASUS ROG Strix G16 G614JU-N3777W,21213181.0,21213181.0,i7,16.0,1024.0,Windows 11,ASUS,16.0
Laptop MSI Modern 14 C11M-011VN,21213181.0,21213181.0,i3,8.0,512.0,Windows 11,MSI,14.0
Laptop ASUS VivoBook 14X OLED S3405VA-KM071W,21213181.0,21213181.0,i9,16.0,512.0,Windows 11,ASUS,14.0
Laptop ASUS E210KA-GJ073W,21213181.0,21213181.0,,4.0,128.0,Windows 11,ASUS,11.6
Laptop ASUS VivoBook 14X OLED S3405VA-KM072W,21213181.0,21213181.0,i5,16.0,512.0,Windows 11,ASUS,14.0
Laptop Asus ROG Flow X13 GV302XU-MU223W,21213181.0,21213181.0,Ryzen 9,16.0,1024.0,Windows 11,Asus,13.4
Laptop Lenovo Ideapad Slim 5 14IRL8 82XD007QVN,21213181.0,21213181.0,i7,16.0,1024.0,Windows 11,Lenovo,14.0
Laptop Lenovo Yoga Duet 7 13ITL6 82MA009PVN,22990000.0,36490000.0,i7,16.0,1024.0,Windows 11,Lenovo,13.0
MacBook Pro 14 inch M2 Pro 2023 (12 CPU - 19 GPU 16GB 1TB 2023),21213181.0,21213181.0,M2,16.0,1024.0,Mac,Mac,14.2
Laptop ASUS Vivobook 15 OLED A1505ZA-L1245W,21213181.0,21213181.0,i5,8.0,512.0,Windows 11,ASUS,15.6
MacBook Pro 16 inch M2 Max 2023 (12 CPU - 38 GPU - 32GB - 1TB),21213181.0,21213181.0,M2,32.0,1024.0,Mac,Mac,16.0
Laptop Lenovo Ideapad Slim 5 16IAH8 83BG004EVN,21213181.0,21213181.0,i5,16.0,1024.0,Windows 11,Lenovo,16.0
Laptop MSI Cyborg 15 A12VF-267VN,21213181.0,21213181.0,i7,8.0,512.0,Windows 11,MSI,15.6
Laptop HP Pavilion 15-EG3091TU 8C5L2PA,21213181.0,21213181.0,i7,16.0,512.0,Windows 11,HP,15.6
Laptop Asus Vivobook Flip 14 TP470EA EC346W,21213181.0,21213181.0,i3,4.0,512.0,Windows 11,Asus,14.0
Macbook Pro 16 M3 Max 36GB - 1TB | Chính hãng Apple Việt Nam,21213181.0,21213181.0,M3,36.0,1024.0,Mac,Mac,16.2
Laptop MSI Modern 14 C12MO-660VN,21213181.0,21213181.0,i5,16.0,512.0,Windows 11,MSI,14.0
Laptop Dell Latitude 7400,21213181.0,21213181.0,i5,8.0,256.0,Windows 11,Dell,14.0
MacBook Pro 14 inch M2 Pro 2023 (10 CPU - 16 GPU - 32GB - 512GB),21213181.0,21213181.0,M2,32.0,512.0,Mac,Mac,14.2
Laptop ASUS Vivobook 14 X1402ZA-EK084W,21213181.0,21213181.0,I5,8.0,256.0,Windows 11,ASUS,14.0
Laptop MSI Crosshair 15 B12UEZ-460VN,21213181.0,21213181.0,i7,16.0,1024.0,Windows 11,MSI,15.6
Laptop Gigabyte G5 GD-51VN123SO,21213181.0,21213181.0,i5,16.0,512.0,Windows 11,Gigabyte,15.6
Laptop MSI Modern 14 C7M-083VN,21213181.0,21213181.0,Ryzen 5,8.0,512.0,Windows 11,MSI,14.0
Laptop Asus Zenbook 14 UX3402ZA KM218W,21213181.0,21213181.0,,8.0,512.0,Windows 11,Asus,14.0
Laptop ASUS VivoBook 15X OLED S3504VA-L1226W,21213181.0,21213181.0,i5,16.0,512.0,Windows 11,ASUS,15.6
Laptop MSI Katana GF66 12UCK-699VN,21213181.0,21213181.0,,8.0,512.0,Windows 11,MSI,15.6
Laptop gaming MSI GF63 Thin 11SC 664VN,21213181.0,21213181.0,i5,8.0,512.0,Windows 11,gaming,15.6
Laptop Dell XPS 9315,21213181.0,21213181.0,i7,16.0,512.0,Windows 11,Dell,13.4
Laptop HP 14S DQ2644TU,21213181.0,21213181.0,i3,8.0,256.0,Windows 11,HP,14.0
Laptop ASUS ROG Flow X16 GV601VV-NL016W,21213181.0,21213181.0,i9,16.0,1024.0,Windows 11,ASUS,16.0
Laptop Dell Latitude 7480,21213181.0,21213181.0,i5,8.0,256.0,Windows 11,Dell,14.1
Laptop MSI Modern 14 C7M-212VN,21213181.0,21213181.0,Ryzen 5,16.0,512.0,Windows 11,MSI,14.0
Laptop Dell Latitude E5430,21213181.0,21213181.0,i5,4.0,120.0,Windows 11,Dell,14.0
Laptop Lenovo Gaming Legion 5 15ARH7 82RE0035VN,21213181.0,21213181.0,Ryzen 7,8.0,512.0,Windows 11,Lenovo,15.6
Laptop ASUS Rog Strix Scar 15 G533ZS-LN036W,21213181.0,21213181.0,i9,32.0,1024.0,Windows 11,ASUS,15.6
Laptop ASUS Zenbook 14 Flip OLED UP5401ZA-KN101W,21213181.0,21213181.0,,16.0,512.0,Windows 11,ASUS,14.0
Laptop Lenovo Thinkpad X1 Carbon gen 10,21213181.0,21213181.0,i7,16.0,1024.0,Windows 11,Lenovo,14.0
Laptop Lenovo Thinkpad X1 Carbon gen 5,21213181.0,21213181.0,i5,8.0,256.0,Windows 11,Lenovo,14.0
Laptop Asus Rog Flow X13 GV301QC K6082T,21213181.0,21213181.0,,16.0,512.0,Windows 11,Asus,13.4
Laptop Lenovo Thinkpad X1 Carbon gen 6,21213181.0,21213181.0,i7,16.0,256.0,Windows 11,Lenovo,14.0
Laptop Lenovo Thinkpad T480,21213181.0,21213181.0,i7,32.0,1024.0,Windows 11,Lenovo,14.0
Laptop Lenovo Thinkpad T14 gen 2,21213181.0,21213181.0,i7,32.0,1024.0,Windows 11,Lenovo,14.0
Laptop Dell XPS 13 9350,21213181.0,21213181.0,i7,8.0,256.0,Windows 11,Dell,13.3
Laptop Gigabyte G5 MF5-52VN353SH,21213181.0,21213181.0,i5,16.0,512.0,Windows 11,Gigabyte,15.6
Laptop Dell XPS 9320,21213181.0,21213181.0,i7,16.0,512.0,Windows 11,Dell,13.4
Laptop Dell Inspiron 7425,21213181.0,21213181.0,Ryzen 5,8.0,512.0,Windows 11,Dell,14.0
Laptop Dell XPS 9510,21213181.0,21213181.0,i7,16.0,1024.0,Windows 11,Dell,15.6
Laptop Giagabyte G5 ME-51VN263SH,21213181.0,21213181.0,i5,8.0,512.0,Windows 11,Giagabyte,15.6
Laptop HP 240 G8 518V8PA,21213181.0,21213181.0,i5,8.0,512.0,Windows 11,HP,14.0
Laptop Dell Inspiron 5310,21213181.0,21213181.0,i3,8.0,256.0,Windows 11,Dell,13.3
Laptop Asus Zenbook UX425EA BM069T,21213181.0,21213181.0,i5,8.0,512.0,Windows 11,Asus,14.0
Mac mini M2 2023 (8 CPU - 10 GPU - 16GB - 1TB) | Chính hãng Apple Việt Nam,21213181.0,21213181.0,M2,16.0,1024.0,Mac,Mac,14.0
Laptop ASUS Gaming ROG Strix G531GT-AL030T,21213181.0,21213181.0,i7,8.0,1024.0,Windows 11,ASUS,15.6
Laptop Lenovo Ideapad 3 14ITL6 82H4005QVN,21213181.0,21213181.0,i3,8.0,256.0,Windows 11,Lenovo,14.0
Laptop Lenovo Thinkpad X1 Carbon gen 8,21213181.0,21213181.0,i7,16.0,512.0,Windows 11,Lenovo,14.0
Laptop Gigabyte G5 KE-52VN263SH,21213181.0,21213181.0,i5,8.0,512.0,Windows 11,Gigabyte,15.6
Laptop Gigabyte G5 MD-51S1123SH,21213181.0,21213181.0,i5,16.0,512.0,Windows 11,Gigabyte,15.6
Laptop Lenovo Thinkpad T14 gen 3,21213181.0,21213181.0,,16.0,1024.0,Windows 11,Lenovo,14.0
Laptop HP Elitebook 820 G3,21213181.0,21213181.0,i5,8.0,256.0,Windows 11,HP,12.5
Mac mini M2 Pro 2023 (10 CPU - 16 GPU - 32GB - 1TB) | Chính hãng Apple Việt Nam,21213181.0,21213181.0,M2,32.0,1024.0,Mac,Mac,14.0
Laptop Dell Latitude 3420,21213181.0,21213181.0,i5,8.0,256.0,Windows 11,Dell,14.0
Laptop HP Elitebook 840 G9,21213181.0,21213181.0,i7,16.0,512.0,Windows 11,HP,14.0
Laptop Acer Aspire 3 A315-58-529V NX.ADDSV.00N,21213181.0,21213181.0,i5,8.0,1024.0,Windows 11,Acer,15.6
Laptop Lenovo IdeaPad Slim 3 14IAH8 83EQ0004VN,21213181.0,21213181.0,i5,8.0,512.0,Windows 11,Lenovo,14.0
Laptop Dell Latitude E7450,21213181.0,21213181.0,i3,4.0,120.0,Windows 11,Dell,14.0
Laptop Asus VivoBook 14 X1404VA-NK125W,21213181.0,21213181.0,i5,8.0,256.0,Windows 11,Asus,14.0
Laptop Avita Liber V14,21213181.0,21213181.0,,8.0,512.0,Windows 11,Avita,14.0
Laptop HP Elitebook 840 G8,21213181.0,21213181.0,i7,16.0,512.0,Windows 11,HP,14.0
Laptop Lenovo Ideapad 1 15AMN7 82VG0022VN,21213181.0,21213181.0,Ryzen 5,8.0,1024.0,Windows 11,Lenovo,15.6
Laptop Lenovo Ideapad Slim 5 Light 14ABR8 82XS0007VN,21213181.0,21213181.0,Ryzen 7,8.0,512.0,Windows 11,Lenovo,14.0
Laptop Dell Latitude E5440,21213181.0,21213181.0,i5,4.0,500.0,Windows 11,Dell,14.0
Laptop HP Probook 450 G9,21213181.0,21213181.0,i5,8.0,512.0,Windows 11,HP,15.6
Laptop Gaming Acer Nitro 5 AN515-55-5923 NH.Q7NSV.004,21213181.0,21213181.0,i5,8.0,512.0,Windows 11,Gaming,15.6
Laptop Asus Zenbook S 13 Oled UX5304VA-NQ126W,21213181.0,21213181.0,i7,32.0,1024.0,Windows 11,Asus,13.3
Laptop Dell Vostro 5320 V3I7007W,21213181.0,21213181.0,i7,16.0,512.0,Windows 11,Dell,13.3
Laptop Dell Alienware M16,21213181.0,21213181.0,i7,16.0,512.0,Windows 11,Dell,16.0
Laptop HP Gaming Victus 16-E1105AX 7C0T0PA,21213181.0,21213181.0,Ryzen 5,16.0,512.0,Windows 11,HP,16.1
Laptop Lenovo Legion Slim 5 16IRH8 82YA00BTVN,21213181.0,21213181.0,i5,8.0,1024.0,Windows 11,Lenovo,16.0
Laptop HP Gaming Victus 16-E1102AX 7C139PA,21213181.0,21213181.0,Ryzen 7,16.0,512.0,Windows 11,HP,16.1
Laptop HP Envy 16-H0205TX 7C0T2PA,21213181.0,21213181.0,i9,32.0,512.0,Windows 11,HP,16.0
Laptop Lenovo Yoga Slim 7 Carbon 13IAP7 82U90044VN,21213181.0,21213181.0,i5,16.0,1024.0,Windows 11,Lenovo,13.3
Laptop Dell Latitude 5420,21213181.0,21213181.0,i5,8.0,256.0,Windows 11,Dell,14.0
Laptop HP Gaming Victus 16-D1191TX 7C0S5PA,21213181.0,21213181.0,i5,16.0,512.0,Windows 11,HP,16.1
Laptop HP Gaming Victus 15-FA0108TX 7C0X0PA,21213181.0,21213181.0,i7,16.0,512.0,Windows 11,HP,15.6
Laptop HP ENVY X360 13-BF0092TU 76V59PA,21213181.0,21213181.0,i7,8.0,512.0,Windows 11,HP,13.3
Laptop HP Gaming Victus 15-FA0108TX 7C0X0PA,21213181.0,21213181.0,i7,16.0,512.0,Windows 11,HP,15.6
Laptop MSI Katana GF66 12UDK-814VN,21213181.0,21213181.0,i7,16.0,512.0,Windows 11,MSI,15.6
Laptop Dell Latitude 5480,21213181.0,21213181.0,i5,8.0,256.0,Windows 11,Dell,14.0
Laptop Dell Latitude E7470,21213181.0,21213181.0,i5,8.0,256.0,Windows 11,Dell,14.0
Laptop Dell Inspiron 14 7420 1YT85,21213181.0,21213181.0,i7,16.0,512.0,Windows 11,Dell,14.0
Laptop Dell Alienware M15 R7,21213181.0,21213181.0,i7,16.0,512.0,Windows 11,Dell,15.6
MacBook Pro 16 inch M3 Pro 2023 (12 CPU - 18 GPU 36GB 512GB),21213181.0,21213181.0,M3,36.0,512.0,Mac,Mac,14.2
Laptop HP Elitebook 8470P,21213181.0,21213181.0,i5,16.0,128.0,Windows 11,HP,14.0
Laptop Dell Latitude E7240,21213181.0,21213181.0,i7,4.0,128.0,Windows 11,Dell,12.5
Laptop ASUS ExpertBook B1 B1502CVA-NJ0148W,21213181.0,21213181.0,i7,8.0,512.0,Windows 11,ASUS,15.6
Laptop Dell XPS 9500,21213181.0,21213181.0,i5,8.0,256.0,Windows 11,Dell,15.0
Laptop Dell Inspiron N7490-N4I5106W,21213181.0,21213181.0,i5,8.0,512.0,Windows 11,Dell,14.0
Laptop Dell Vostro 5468,21213181.0,21213181.0,i5,4.0,1024.0,Windows 11,Dell,14.0
Laptop Dell Latitude 5520,21213181.0,21213181.0,i5,8.0,256.0,Windows 11,Dell,15.6
Laptop Dell Insprion 5620 N6I5003W1,21213181.0,21213181.0,i5,16.0,512.0,Windows 11,Dell,16.0
Laptop Lenovo Thinkbook 14 G2 ARE,21213181.0,21213181.0,Ryzen 7,8.0,512.0,Windows 11,Lenovo,14.0
Laptop Lenovo Thinkpad X260,21213181.0,21213181.0,i7,16.0,128.0,Windows 11,Lenovo,12.5
Laptop Dell Insprion 5620 N6I5003W1,21213181.0,21213181.0,i5,16.0,512.0,Windows 11,Dell,16.0
Laptop Dell Latitude 5520,21213181.0,21213181.0,i5,8.0,256.0,Windows 11,Dell,15.6
Laptop Vaio FE 15 VWNC51527-BK,21213181.0,21213181.0,i5,8.0,512.0,Windows 11,Vaio,15.6
Apple Mac mini 8GB 256GB 2018 (MRTT2),21213181.0,21213181.0,i5,8.0,,Mac,Mac,14.0
Laptop Lenovo Thinkpad P50,21213181.0,21213181.0,i7,64.0,256.0,Windows 11,Lenovo,15.6
Laptop HP 15S FQ1111TU 193R0PA,21213181.0,21213181.0,i3,4.0,256.0,Windows 11,HP,15.6
Laptop HP Gaming Victus 16-D1187TX 7C0S4PA,21213181.0,21213181.0,i7,8.0,512.0,Windows 11,HP,16.1
Laptop HP Pavilion 15-EG2087TU 7C0Q9PA,21213181.0,21213181.0,i3,8.0,256.0,Windows 11,HP,15.6
Laptop HP Elitebook 845 G9,21213181.0,21213181.0,Ryzen 5,16.0,256.0,Windows 11,HP,14.0
Laptop Lenovo Ideapad Slim 5 16IMH9 83DC001RVN,21213181.0,21213181.0,,16.0,1024.0,Windows 11,Lenovo,16.0
Laptop Lenovo ThinkPad E16 GEN 1 21JN006GVN,21213181.0,21213181.0,,16.0,1024.0,Windows 11,Lenovo,16.0
Laptop Lenovo Thinkpad P51,21213181.0,21213181.0,i7,64.0,1024.0,Windows 11,Lenovo,15.6
Laptop Dell Insprion 5620 N6I7000W1,21213181.0,21213181.0,i7,16.0,512.0,Windows 11,Dell,16.0
Laptop Dell Latitude E7250,21213181.0,21213181.0,i5,8.0,256.0,Windows 11,Dell,12.5
Laptop HP Gaming Victus 16-E0170AX 4R0U7PA,21213181.0,21213181.0,Ryzen 7,8.0,512.0,Windows 11,HP,16.1
Laptop Dell Latitude E5520,21213181.0,21213181.0,i7,8.0,320.0,Windows 11,Dell,14.1
Laptop Itel Spirit 1 i3,21213181.0,21213181.0,i3,4.0,1024.0,Windows 11,Itel,15.6
Samsung Galaxy Book,21213181.0,21213181.0,i7,8.0,512.0,Mac,Mac,15.6
Laptop HP Pavilion 15-EG1040TU 5Z9V3PA,21213181.0,21213181.0,i5,8.0,256.0,Windows 11,HP,15.6
Laptop HP Pavilion 15 EG2065TX 7C0Q3PA,21213181.0,21213181.0,i5,8.0,256.0,Windows 11,HP,15.6
Laptop HP Probook 6570B,21213181.0,21213181.0,i3,4.0,320.0,Windows 11,HP,15.6
Laptop HP Probook 450 G3,21213181.0,21213181.0,i5,4.0,500.0,Windows 11,HP,15.6
Laptop HP Elitebook 8460P,21213181.0,21213181.0,i5,8.0,250.0,Windows 11,HP,14.0
Laptop HP Gaming Victus 15-FA0110TX 7C0R3PA,21213181.0,21213181.0,i7,8.0,512.0,Windows 11,HP,15.6
Laptop HP 15S-DU1040TX 8RE77PA,21213181.0,21213181.0,i7,8.0,512.0,Windows 11,HP,15.6
Laptop HP Envy X360 2IN2 2022,21213181.0,21213181.0,,8.0,256.0,Windows 11,HP,15.6
Laptop Lenovo Ideapad 5 14ITL05 82FG0129VN,21213181.0,21213181.0,i5,8.0,512.0,Windows 11,Lenovo,15.6
Laptop Alienware X14 R1,21213181.0,21213181.0,i7,16.0,512.0,Windows 11,Alienware,14.0
Laptop HP Pavilion 15-EG2085TU 7C0Q7PA,21213181.0,21213181.0,i5,8.0,256.0,Windows 11,HP,15.6
Laptop HP Pavilion 15-EG2062TX 7C0W7PA,21213181.0,21213181.0,i5,8.0,512.0,Windows 11,HP,15.6
Laptop HP Elitebook 840 G6,21213181.0,21213181.0,i5,8.0,256.0,Windows 11,HP,14.0
Laptop HP Elitebook 640 G9,21213181.0,21213181.0,i7,16.0,512.0,Windows 11,HP,14.0
Laptop MSI Cyborg 15 A12UDX-621VN,21213181.0,21213181.0,i5,8.0,512.0,Windows 11,MSI,15.6
Laptop Acer Travelmate B3 TMB311-31-C2HB N20H1_NX.VNFSV.006,21213181.0,21213181.0,,4.0,128.0,Windows 11,Acer,11.6
Laptop Acer Predator Triton 500 SE PT516-51S-71RW,21213181.0,21213181.0,i7,64.0,1024.0,Windows 11,Acer,16.0
Laptop Lenovo IdeaPad Flex 5 14IAU7 82R700JQVN,21213181.0,21213181.0,i3,8.0,512.0,Windows 11,Lenovo,14.0
Laptop Lenovo Thinkpad T14,21213181.0,21213181.0,i5,8.0,256.0,Windows 11,Lenovo,14.0
Laptop Asus Gaming FX505DY-AL175T,21213181.0,21213181.0,Ryzen 5,8.0,1024.0,Windows 11,Asus,15.6
Laptop Asus TUF Gaming FX516PM HN023T,21213181.0,21213181.0,i7,16.0,512.0,Windows 11,Asus,15.6
Laptop MSI Prestige 13 EVO A13M-081VN,21213181.0,21213181.0,,16.0,1024.0,Windows 11,MSI,13.3
iMac M3 24 inch 8GB 256GB 10 GPU | Chính hãng Apple Việt Nam,21213181.0,21213181.0,M3,8.0,256.0,Mac,Mac,24.0
Laptop Lenovo Ideapad 5 Pro 16ARH7,21213181.0,21213181.0,Ryzen 5,16.0,512.0,Windows 11,Lenovo,16.0
Laptop Lenovo Ideapad 5 15IIL05 81YK004WVN,21213181.0,21213181.0,i5,8.0,256.0,Windows 11,Lenovo,15.6
Laptop Lenovo Gaming Legion 5 15IMH05 82AU00G9VN,21213181.0,21213181.0,i7,8.0,512.0,Windows 11,Lenovo,15.6
Laptop gaming MSI Thin A15 B7UCX 020VN,21213181.0,21213181.0,,8.0,512.0,Windows 11,gaming,15.6
Laptop Asus Vivobook 15X OLED M3504YA-L1268W,21213181.0,21213181.0,Ryzen 5,16.0,512.0,Windows 11,Asus,15.6
Laptop Dell G7 15 7500,21213181.0,21213181.0,i7,8.0,512.0,Windows 11,Dell,15.6
Laptop Dell Latitude E5570,21213181.0,21213181.0,i7,16.0,512.0,Windows 11,Dell,15.6
Laptop Dell Latitude 5400,21213181.0,21213181.0,i5,8.0,256.0,Windows 11,Dell,14.0
Laptop Dell Latitude E7440,21213181.0,21213181.0,i5,8.0,128.0,Windows 11,Dell,14.0
Laptop Dell Latitude 7280,21213181.0,21213181.0,i5,8.0,240.0,Windows 11,Dell,12.5
Laptop Dell Latitude E6440,21213181.0,21213181.0,i5,4.0,128.0,Windows 11,Dell,14.1
Laptop Dell Latitude E6420,21213181.0,21213181.0,i5,4.0,512.0,Windows 11,Dell,14.0
Laptop Fujitsu CH 9C13A1,21213181.0,21213181.0,i5,8.0,512.0,Windows 11,Fujitsu,13.3
Apple Mac Studio M1 Max 10 CPU - 24 GPU 32GB 512GB 2022 Chính Hãng (MJMV3),21213181.0,21213181.0,M1,32.0,512.0,Mac,Mac,14.0
Laptop HP 250 G8 518U0PA,21213181.0,21213181.0,i3,4.0,256.0,Windows 11,HP,15.6
Laptop HP 340S G7 224L0PA,21213181.0,21213181.0,i3,4.0,512.0,Windows 11,HP,14.0
Laptop HP 240 G9 6L1X3,21213181.0,21213181.0,i3,8.0,,Windows 11,HP,14.0
Laptop HP Probook 4540s,21213181.0,21213181.0,i5,4.0,500.0,Windows 11,HP,15.6
Laptop HP Probook 450 G2,21213181.0,21213181.0,i5,4.0,500.0,Windows 11,HP,15.6
Laptop HP Probook 4530S,21213181.0,21213181.0,i5,4.0,128.0,Windows 11,HP,15.6
Laptop HP Elitebook 840 G5,21213181.0,21213181.0,i5,8.0,256.0,Windows 11,HP,14.0
Laptop HP Elitebook 840 G3,21213181.0,21213181.0,i5,8.0,256.0,Windows 11,HP,14.0
Laptop HP 250 G8 518U0PA,21213181.0,21213181.0,i3,4.0,256.0,Windows 11,HP,15.6
Laptop HP 340S G7 224L0PA,21213181.0,21213181.0,i3,4.0,512.0,Windows 11,HP,14.0
Laptop HP 15S-DU3591TU,21213181.0,21213181.0,i5,8.0,512.0,Windows 11,HP,15.6
Laptop HP 15S FQ1107TU,21213181.0,21213181.0,i3,4.0,256.0,Windows 11,HP,15.6
Laptop HP 240 G8 46J53PA,21213181.0,21213181.0,i3,8.0,512.0,Windows 11,HP,14.0
Laptop HP Pavilion 15-EG0509TU 46M08PA,21213181.0,21213181.0,i3,4.0,512.0,Windows 11,HP,15.6
Laptop HP 15-AY071TU X3B53PA,21213181.0,21213181.0,,4.0,500.0,Windows 11,HP,15.6
Laptop HP Gaming Victus 16-D1193TX 7C138PA,21213181.0,21213181.0,i5,8.0,512.0,Windows 11,HP,16.1
Laptop HP Gaming Victus 16-E1104AX 7C0S9PA,21213181.0,21213181.0,Ryzen 7,8.0,512.0,Windows 11,HP,16.1
Laptop MSI Cyborg 15 A12UC-621VN,21213181.0,21213181.0,i5,8.0,512.0,Windows 11,MSI,15.6
Laptop Gaming Acer Nitro 5 AN515-45-R6EV NH.QBMSV.006,21213181.0,21213181.0,Ryzen 5,8.0,512.0,Windows 11,Gaming,15.6
Laptop Acer Aspire 3 A315-57G-573F NX.HZRSV.00B,21213181.0,21213181.0,i5,8.0,1024.0,Windows 11,Acer,15.6
Macbook Pro 16 inch M2 Max 64GB 2023 (12CPU - 38 GPU - 64GB - 1TB),21213181.0,21213181.0,M2,64.0,1024.0,Mac,Mac,16.0
Laptop Lenovo Legion Slim 5 16APH8 82Y9002YVN,21213181.0,21213181.0,Ryzen 7,16.0,1024.0,Windows 11,Lenovo,16.0
Laptop Lenovo Ideapad Slim 3 15IRH8 83EM003EVN,21213181.0,21213181.0,i7,16.0,1024.0,Windows 11,Lenovo,15.6
Laptop ASUS X509JA-EJ020T,21213181.0,21213181.0,i5,4.0,1024.0,Windows 11,ASUS,15.6
Laptop ASUS X409JA-EK015T,21213181.0,21213181.0,i3,4.0,512.0,Windows 11,ASUS,14.0
Laptop ASUS Gaming ROG Zephyrus G14 GA401QM-211.ZG14,21213181.0,21213181.0,,16.0,1024.0,Windows 11,ASUS,14.0
Laptop Lenovo Thinkpad X1 Carbon gen 9,21213181.0,21213181.0,i7,32.0,1024.0,Windows 11,Lenovo,14.0
Laptop Lenovo ThinkPad E15 20RDS0DU00,21213181.0,21213181.0,i7,8.0,512.0,Windows 11,Lenovo,15.6
Laptop Lenovo Thinkpad T460S,21213181.0,21213181.0,i7,24.0,256.0,Windows 11,Lenovo,14.0
Laptop Lenovo Thinkpad X1 Carbon 7 20R1S01N00,21213181.0,21213181.0,I7,8.0,256.0,Windows 11,Lenovo,14.0
Laptop Lenovo 100E Gen 2 Celeron,21213181.0,21213181.0,,4.0,64.0,Windows 11,Lenovo,11.6
Laptop Lenovo Yoga Duet 7 13ITL6 82MA003XVN,21213181.0,21213181.0,i5,8.0,512.0,Windows 11,Lenovo,13.0
Laptop MSI Cyborg 15 A13UC 861VN,21213181.0,21213181.0,i5,16.0,512.0,Windows 11,MSI,15.6
Laptop Dell Inspiron 14 5430 20DY31,21213181.0,21213181.0,i7,16.0,1024.0,Windows 11,Dell,14.0
Laptop Dell Inspiron N3501,21213181.0,21213181.0,i3,4.0,256.0,Windows 11,Dell,15.6
Laptop Dell Inspiron 5515 R1505S,21213181.0,21213181.0,Ryzen 5,8.0,512.0,Windows 11,Dell,15.6
Laptop Dell XPS 13 9370,21213181.0,21213181.0,i7,8.0,256.0,Windows 11,Dell,13.3
Laptop Dell Latitude E6430,21213181.0,21213181.0,i5,4.0,128.0,Windows 11,Dell,14.0
Laptop Dell XPS 15 7590,21213181.0,21213181.0,i5,8.0,256.0,Windows 11,Dell,15.0
Laptop Dell Vostro 5568,21213181.0,21213181.0,i5,4.0,1024.0,Windows 11,Dell,15.6
Laptop Dell Latitude E7270,21213181.0,21213181.0,i5,8.0,256.0,Windows 11,Dell,12.5
Laptop ASUS Gaming ROG ZEPHYRUS G16 GU605MI-QR116W,21213181.0,21213181.0,Ultra Ultra,32.0,1024.0,Windows 11,ASUS,16.0
Laptop ASUS ROG Strix G18 G814JIR-N6007W,21213181.0,21213181.0,i9,32.0,1024.0,Windows 11,ASUS,18.0
Laptop Acer Gaming Aspire 7 A715-76-728X,21213181.0,21213181.0,i7,16.0,512.0,Windows 11,Acer,15.6
Laptop Acer Asprie 5 A514-56P-55K5,21213181.0,21213181.0,i5,16.0,512.0,Windows 11,Acer,14.0
Laptop Asus Zenbook 14 ROG Zephyrus G14 GA403UU-QS101W,21213181.0,21213181.0,,32.0,1024.0,Windows 11,Asus,14.0
Laptop Asus ROG Strix G16 G614JVR-N4141W,21213181.0,21213181.0,i9,32.0,1024.0,Windows 11,Asus,16.0
Laptop Acer Nitro V ANV15-51-72VS,24990000.0,25990000.0,i7,16.0,512.0,Windows 11,Acer,15.6
Laptop Acer Gaming Aspire 5 A515-58GM-53PZ,15990000.0,20990000.0,i5,8.0,512.0,Windows 11,Acer,15.6
Laptop Dell Inspiron 14 7430 2in1 T7430-i7U165W11SLU,27190000.0,29990000.0,i7,16.0,512.0,Windows 11,Dell,14.0
Laptop Dell Vostro 15 3520 5M2TT2,27229887.21804511,27229887.21804511,I5,8.0,512.0,Windows 11,Dell,15.6
Laptop Dell Vostro V3520,15490000.0,16990000.0,71030559),8.0,256.0,Windows 11,Dell,15.0
Laptop Dell Inspiron 3530 N5I5791W1,17790000.0,20290000.0,i5,16.0,512.0,Windows 11,Dell,15.6
Laptop Lenovo ThinkPad E14 Gen 4 21E300GWVN,19990000.0,19990000.0,I7,16.0,512.0,Windows 11,Lenovo,14.0
Laptop Lenovo ThinkBook 14 G6 IRL 21KG00BUVN,20990000.0,23990000.0,I7,16.0,512.0,Windows 11,Lenovo,14.0
Laptop Gaming Lenovo LOQ 15IRX9 83DV0092VN,32990000.0,33990000.0,I7,16.0,512.0,Windows 11,Gaming,15.6
Laptop Lenovo ThinkPad T14s Gen 4,32590000.0,33590000.0,21F60082VA),8.0,256.0,Windows 11,Lenovo,15.0
Laptop MSI Modern 14 C7M 220VN,27229887.21804511,27229887.21804511,"AMD R5 7530U, Ram 8GB, SSD 512GB, Màn Hình 14.0inch FHD IPS, Windows 11, Đen)",8.0,512.0,Windows 11,MSI,14.0
Laptop MSI Gaming GF63 12VE-460VN,21490000.0,22490000.0,I5,16.0,512.0,Windows 11,MSI,15.0
Laptop ASUS TUF Gaming F15 FX507VV-LP181W,31990000.0,36990000.0,i7,32.0,512.0,Windows 11,ASUS,15.6
Laptop ASUS TUF Gaming F15 FX507VV-LP157W,29990000.0,33990000.0,i7,16.0,512.0,Windows 11,ASUS,15.6
Laptop ASUS VivoBook 15 OLED A1505VA-L1491W,19990000.0,22990000.0,i7,16.0,512.0,Windows 11,ASUS,15.6
Laptop ASUS VivoBook 14 OLED A1405VA-KM257W,17190000.0,20990000.0,I5,16.0,512.0,Windows 11,ASUS,14.0
Laptop Dell Inspiron 5440 N4I5211W1,24290000.0,24290000.0,i5,16.0,512.0,Windows 11,Dell,14.0
Laptop Dell Inspiron 5440 N4I7204W1,25990000.0,25990000.0,i7,16.0,512.0,Windows 11,Dell,14.0
Laptop HP ProBook 450 G10 9H8V8PT,21990000.0,23590000.0,i5,16.0,512.0,Windows 11,HP,15.6
Laptop Acer Swift Go AI 2024 Gen 2 SFG14-73-53X7,23490000.0,23990000.0,Core Ultra 5,16.0,512.0,Windows 11,Acer,14.0
Laptop HP 15s-fq5160TU 7C0S1PA,15990000.0,16990000.0,i5,16.0,512.0,Windows 11,HP,15.6
Laptop Acer Swift Go AI 2024 Gen 2 SFG14-73-71ZX,26990000.0,27990000.0,Core Ultra 7,16.0,512.0,Windows 11,Acer,14.0
Laptop Dell Inspiron 5430 N5430-I5P165W11SL2050,26490000.0,26490000.0,i5,16.0,512.0,Windows 11,Dell,14.0
Laptop Lenovo ThinkPad E14 G5 21JK007XVN,24990000.0,24990000.0,i7,16.0,512.0,Windows 11,Lenovo,14.0
Laptop HP ProBook 450 G10 9H1N5PT,19490000.0,22590000.0,i5,16.0,512.0,Windows 11,HP,15.6
Laptop Gaming HP Victus 16-s0077AX 8C5N6PA,25990000.0,27890000.0,AMD R7,16.0,512.0,Windows 11,Gaming,16.1
Laptop Dell XPS 13 Plus 9340 XPSU5002W1,59990000.0,59990000.0,"Ultra 5 125H, RAM 16GB, SSD 2TB, Vga Intel Arc Graphics, Màn Hình 13.4inch FHD+, Windows 11, Office, Màu Bạc)",16.0,2048.0,Windows 11,Dell,13.4
Laptop HP Pavilion 15-eg3093TU,18490000.0,21290000.0,8C5L4PA),8.0,256.0,Windows 11,HP,15.0
Laptop Dell Vostro V3520-i5U165W11GRU,15690000.0,16990000.0,i5,16.0,512.0,Windows 11,Dell,15.6
Laptop Dell Vostro V3520,14590000.0,16190000.0,I5610,8.0,256.0,Windows 11,Dell,15.0
Laptop Gaming Predator Helios Neo 16 PHN16-72-71UM,50990000.0,51990000.0,i7,16.0,1024.0,Windows 11,Gaming,16.0
Laptop MSI Creator M16 HX C14VFG-040VN,45990000.0,45990000.0,i7,8.0,1024.0,Windows 11,MSI,16.0
Laptop MSI Stealth 18 AI Studio A1VHG 025VN,94990000.0,94990000.0,Core Ultra 9,32.0,2048.0,Windows 11,MSI,18.0
Laptop Gaming MSI Titan 18HX A14VI 205VN,149990000.0,149990000.0,i9,16.0,4096.0,Windows 11,Gaming,18.0
Laptop Gaming MSI Stealth 16 AI Studio A1VGG-089VN,64990000.0,64990000.0,Core Ultra 9,8.0,2048.0,Windows 11,Gaming,16.0
Laptop MSI Creator 16 AI Studio A1VIG 078VN,109990000.0,109990000.0,Core Ultra 9,64.0,2048.0,Windows 11,MSI,16.0
Laptop MSI Creator 16 AI Studio A1VHG 079VN,89990000.0,89990000.0,Core Ultra 9,64.0,256.0,Windows 11,MSI,16.0
Laptop MSI Creator Z17 HX Studio A14VFT-272VN,71990000.0,71990000.0,i7,8.0,2048.0,Windows 11,MSI,17.0
Laptop MSI Creator Z17 HX Studio A14VFT-273VN,68990000.0,68990000.0,i7,8.0,2048.0,Windows 11,MSI,17.0
Laptop Lenovo V14 G4 IRU 83A0008WVN,13390000.0,14990000.0,i5,16.0,512.0,Windows 11,Lenovo,14.0
Laptop ASUS ZenBook Duo OLED UX8406MA-PZ307W,49990000.0,49990000.0,Core Ultra 7,16.0,512.0,Windows 11,ASUS,14.0
Laptop ASUS ZenBook Duo OLED UX8406MA-PZ142W,59990000.0,59990000.0,Core Ultra 9,32.0,1024.0,Windows 11,ASUS,14.0
Laptop MSI Gaming GF63 Thin 12UC-1006VN,19990000.0,19990000.0,I5,16.0,256.0,Windows 11,MSI,15.6
Laptop Dell Inspiron 5630 i7P165W11SL2050,28990000.0,33990000.0,i7,16.0,1024.0,Windows 11,Dell,16.0
Laptop MSI Katana 15 B13VFK 676VN,30490000.0,37990000.0,i7,16.0,1024.0,Windows 11,MSI,15.6
Laptop MSI Prestige 13 AI Evo A1MG-062VN,33990000.0,33990000.0,Ultra 7,32.0,256.0,Windows 11,MSI,13.3
Laptop MSI Katana 15 B13VEK-252VN,26990000.0,26990000.0,i7,8.0,512.0,Windows 11,MSI,15.6
Laptop Gaming MSI Cyborg 15 AI A1VE-053VN,30990000.0,30990000.0,"Ultra 7 155H, RTX 4050 6GB, Ram 16GB DDR5, SSD 512GB, Màn Hình 15.6 Inch IPS 144Hz FHD, Windows 11 Bản Quyền)",6.0,512.0,Windows 11,Gaming,15.6
Laptop MSI Cyborg 15 A12UCX-281VN,17990000.0,21990000.0,i5,16.0,512.0,Windows 11,MSI,15.6
Laptop Gaming MSI Cyborg 15 A12VE-240VN,24490000.0,27490000.0,i7,6.0,512.0,Windows 11,Gaming,15.6
Laptop MSI Cyborg 15 A12VF-412VN,23990000.0,24990000.0,i5,16.0,256.0,Windows 11,MSI,15.6
Laptop MSI Gaming GF63 12UC 887VN,18990000.0,18990000.0,i7,4.0,512.0,Windows 11,MSI,15.6
Laptop MSI Thin GF63 12UCX-841VN,16990000.0,17990000.0,i5,16.0,512.0,Windows 11,MSI,15.0
Laptop Gaming Acer Nitro V ANV15-51-55CA,25990000.0,27990000.0,i5,16.0,512.0,Windows 11,Gaming,15.6
Laptop Acer Gaming Nitro V ANV15-51-75GS,29990000.0,29990000.0,i7,16.0,512.0,Windows 11,Acer,15.6
Laptop Lenovo IdeaPad Slim 5 14IMH9 83DA0020VN,25990000.0,27990000.0,"Ultra 7 155H, Ram 32GB LPDDR5X, SSD 1TB, Màn Hình 14 inch OLED WUXGA, VGA Arc Graphics, Windows 11)",32.0,1024.0,Windows 11,Lenovo,14.0
Laptop Lenovo IdeaPad Slim 5 14IMH9 83DA001NVN,20490000.0,21990000.0,"Ultra 5 125H, Ram 16GB LPDDR5X, SSD 512GB, Màn Hình 14 Inch OLED WUXGA, VGA Arc Graphics, Windows 11)",16.0,512.0,Windows 11,Lenovo,14.0
Laptop Dell Inspiron 3530 71035574,20490000.0,22990000.0,i7,16.0,512.0,Windows 11,Dell,15.6
Laptop Asus TUF Gaming F15 FX507VV4-LP382W,33490000.0,33490000.0,i9,16.0,512.0,Windows 11,Asus,15.6
Laptop Gaming Acer Nitro 16 Phoenix AN16-41-R3SM,39990000.0,39990000.0,Ryzen 7,16.0,512.0,Windows 11,Gaming,16.0
Laptop Dell Gaming G15 5530 i7H165W11GR4050,37990000.0,40990000.0,i7,16.0,512.0,Windows 11,Dell,15.6
Laptop Dell Gaming G15 5525 R7H165W11GR3060,25190000.0,27490000.0,Ryzen 7,16.0,512.0,Windows 11,Dell,15.6
Laptop Gaming MSI Vector GP68HX 13VH-252VN,27229887.21804511,27229887.21804511,i9,16.0,1024.0,Windows 11,Gaming,16.0
Laptop Lenovo V14 G4 IRU 83A0000HVN,10990000.0,11990000.0,I3,8.0,256.0,Windows 11,Lenovo,14.0
Laptop Lenovo ThinkPad E16 G1 21JN00FKVA,20990000.0,20990000.0,i5,16.0,512.0,Windows 11,Lenovo,16.0
Laptop Gaming Lenovo LOQ 15IAX9 83GS000RVN,24990000.0,25990000.0,i5,16.0,512.0,Windows 11,Gaming,15.6
Laptop Lenovo Yoga Slim 6 14IRH8,23490000.0,24990000.0,83E00008VN),8.0,256.0,Windows 11,Lenovo,15.0
Laptop Gaming ASUS ROG FLOW X13 GV302XU-MU223W,27229887.21804511,27229887.21804511,Ryzen 9,16.0,1024.0,Windows 11,Gaming,13.4
Laptop HP Pavilion Aero 13-BE2098AU,19790000.0,19790000.0,8C5K5PA),8.0,256.0,Windows 11,HP,15.0
Laptop HP Pavilion 15-EG2081TU,16990000.0,20990000.0,7C0Q4PA),8.0,256.0,Windows 11,HP,15.0
Laptop Gaming Acer Predator Helios Neo 16 PHN16 72 94KC,56990000.0,56990000.0,I9,16.0,1024.0,Windows 11,Gaming,16.0
Laptop Gaming Acer Predator Helios Neo 16 PHN16 72 71UM,51990000.0,51990000.0,I7,16.0,1024.0,Windows 11,Gaming,16.0
Laptop Gaming Acer Predator Helios 18 PH18-72-908N,104990000.0,104990000.0,i9,32.0,4096.0,Windows 11,Gaming,18.0
Laptop Gaming Acer Predator Helios 16 PH16-72-95ZM,78990000.0,78990000.0,i9,32.0,2048.0,Windows 11,Gaming,16.0
Laptop Lenovo Gaming LOQ 15IAX9,18990000.0,21990000.0,83GS001SVN),8.0,256.0,Windows 11,Lenovo,15.0
Laptop Lenovo V15 83A1000RVN,13990000.0,13990000.0,i5,8.0,512.0,Windows 11,Lenovo,15.6
Laptop Asus Vivobook 14 X1404ZA-NK386W,10190000.0,11990000.0,i3,8.0,512.0,Windows 11,Asus,14.0
Laptop Dell Vostro 3530 80GG92,27229887.21804511,27229887.21804511,i3,8.0,256.0,Windows 11,Dell,15.6
Laptop Asus Vivobook Go 14 E1404FA-NK177W,12990000.0,14490000.0,Ryzen 5,16.0,512.0,Windows 11,Asus,14.0
Laptop HP Probook 450 G9 6M0Y4PA,13990000.0,14590000.0,i3,8.0,256.0,Windows 11,HP,15.6
Laptop HP Pavilion 15-eg2086TU,12490000.0,15290000.0,7C0Q8PA),8.0,256.0,Windows 11,HP,15.0
Laptop Dell Inspiron 15 3530 N3530-i3U085W11BLU,12290000.0,12290000.0,i3,8.0,512.0,Windows 11,Dell,15.6
Laptop Dell Inspiron 15 3520 i5U085W11BLU,14990000.0,16490000.0,i5,8.0,512.0,Windows 11,Dell,15.6
Laptop Asus Vivobook S 14 Flip TP3402VA,11990000.0,16990000.0,LZ025W),8.0,256.0,Windows 11,Asus,15.0
Laptop Dell Inspiron 3520 N5I5011W1,27229887.21804511,27229887.21804511,I5,16.0,512.0,Windows 11,Dell,15.6
Laptop HP Pavilion X360 14-ek1046TU 80R24PA,16390000.0,17290000.0,i3,8.0,256.0,Windows 11,HP,14.0
Laptop Acer Aspire 5 A515-58M-56YX,15990000.0,17490000.0,I5,16.0,512.0,Windows 11,Acer,15.6
Laptop ACER Aspire 3 A315-59-51X8,12990000.0,17990000.0,i5,8.0,512.0,Windows 11,ACER,15.6
Laptop Asus Vivobook 14 OLED M1405YA-KM047W,14990000.0,17990000.0,Ryzen 5,8.0,512.0,Windows 11,Asus,14.0
Laptop Lenovo Ideapad 3 14ABA7,14490000.0,17990000.0,82RM003UVN),8.0,256.0,Windows 11,Lenovo,15.0
Laptop Asus Vivobook 15X M3504YA-L1332W,16990000.0,18490000.0,Ryzen 7,16.0,512.0,Windows 11,Asus,15.6
Laptop Gaming MSI Bravo 15 B7ED-010VN,17490000.0,18490000.0,Ryzen 5,4.0,512.0,Windows 11,Gaming,15.6
Laptop Asus Vivobook X1404ZA-NK389W,16990000.0,18990000.0,I7,16.0,512.0,Windows 11,Asus,14.0
Laptop Acer Aspire 5 A514-56P-742F,18490000.0,18490000.0,i7,16.0,512.0,Windows 11,Acer,14.0
Laptop Asus VivoBook S 14 Flip TN3402YA-LZ192W,16190000.0,18990000.0,AMD R5,16.0,512.0,Windows 11,Asus,14.0
Laptop Asus Vivobook A1505ZA-L1245W,14990000.0,18990000.0,i5,8.0,256.0,Windows 11,Asus,15.6
Laptop HP 15 FD0235TU 9Q970PA,17090000.0,18990000.0,i5,16.0,512.0,Windows 11,HP,15.6
Laptop HP 15S-FQ5147TU,17190000.0,18990000.0,7C133PA),8.0,256.0,Windows 11,HP,15.0
Laptop HP Pavilion 15-eg2082TU,15990000.0,19290000.0,7C0Q5PA),8.0,256.0,Windows 11,HP,15.0
Laptop HP 15-fd0079TU,17490000.0,19590000.0,8D732PA),8.0,256.0,Windows 11,HP,15.0
Laptop HP Pavilion 14-DV2075TU,16090000.0,19690000.0,7C0W2PA),8.0,256.0,Windows 11,HP,15.0
Laptop Lenovo Ideapad Slim 5 14IRL8,17990000.0,19990000.0,82XD002VVN),8.0,256.0,Windows 11,Lenovo,15.0
Laptop Gaming HP VICTUS 15-FA1139TX 8Y6W3PA,18990000.0,22990000.0,I5,16.0,512.0,Windows 11,Gaming,15.6
Laptop HP Pavilion X360 14-ek1048TU 80R26PA,20590000.0,22990000.0,i5,8.0,512.0,Windows 11,HP,14.0
Laptop HP Pavilion 15 EG3033TX,19490000.0,22290000.0,8U6L6PA),8.0,256.0,Windows 11,HP,15.0
Laptop HP 14S EP0110TU 8C5K9PA,18990000.0,21990000.0,I7,16.0,512.0,Windows 11,HP,14.0
Laptop HP ProBook 440 G10,20490000.0,21890000.0,98H8U6PT),8.0,256.0,Windows 11,HP,15.0
Laptop Gaming Acer Aspire 7 A715-76G-59MW,17990000.0,21490000.0,i5,8.0,512.0,Windows 11,Gaming,15.6
Laptop LENOVO Thinhkpad E14 G5,18990000.0,21390000.0,21JK0069VA),8.0,256.0,Windows 11,LENOVO,15.0
Laptop HP Pavilion 15-EG3111TU,18490000.0,21290000.0,8U6L8PA),8.0,256.0,Windows 11,HP,15.0
Laptop Gaming Lenovo LOQ 15IAX9 83GS000FVN,19490000.0,20990000.0,i5,8.0,512.0,Windows 11,Gaming,15.6
Laptop HP Pavilion 14-DV2073TU,17490000.0,17490000.0,7C0P2PA),8.0,256.0,Windows 11,HP,15.0
Laptop Dell Vostro 3430 71011900,15990000.0,20990000.0,i5,8.0,512.0,Windows 11,Dell,14.0
Laptop ASUS Vivobook 14X OLED S3405VA-KM072W,18990000.0,20990000.0,i5,16.0,512.0,Windows 11,ASUS,14.0
Laptop Asus Vivobook 14 OLED A1405VA-KM095W,17190000.0,17190000.0,i5,16.0,512.0,Windows 11,Asus,14.0
Laptop Lenovo ThinkBook 14 G6 IRL 21KG00BSVN,17490000.0,19990000.0,I5,16.0,512.0,Windows 11,Lenovo,14.0
Laptop Gaming Acer Aspire 7 A715-76G-5806,19790000.0,22990000.0,i5,16.0,256.0,Windows 11,Gaming,15.6
Laptop LENOVO ThinkPad E16 G1,19990000.0,22990000.0,21JN006PVN),8.0,256.0,Windows 11,LENOVO,15.0
Laptop Acer Swift 3 SF314-512-56QN,18490000.0,23990000.0,i5,16.0,512.0,Windows 11,Acer,14.0
Laptop HP Pavilion 15-eg3092TU,20990000.0,20990000.0,8C5L3PA),8.0,256.0,Windows 11,HP,15.0
Laptop HP Pavilion X360 14-ek1049TU 80R27PA,21990000.0,24290000.0,i5,16.0,512.0,Windows 11,HP,14.0
Laptop Dell Inspiron 14 5430 N4I5497W1,27229887.21804511,27229887.21804511,i5,16.0,512.0,Windows 11,Dell,14.0
Laptop Acer Swift Go SFG14-71-513F,23490000.0,24590000.0,i5,16.0,512.0,Windows 11,Acer,14.0
Laptop Asus Vivobook 15 OLED A1505VA-L1201W,21590000.0,24990000.0,i9,16.0,512.0,Windows 11,Asus,15.6
Laptop HP Pavilion 15-eg2088TU,20990000.0,24990000.0,7C0R0PA),8.0,256.0,Windows 11,HP,15.0
Laptop Lenovo ThinkPad E16 G1 21JN006AVA,23290000.0,24990000.0,i7,16.0,512.0,Windows 11,Lenovo,16.0
Laptop HP Pavilion 14-DV2071TU,20290000.0,25190000.0,7C0W0PA),8.0,256.0,Windows 11,HP,15.0
Laptop Dell Inspiron 14 T7430 N7430I58W1,21790000.0,21790000.0,i5,8.0,512.0,Windows 11,Dell,14.0
Laptop Asus VivoBook Pro K3405ZF-KM184W,20990000.0,25990000.0,I5,16.0,512.0,Windows 11,Asus,14.0
Laptop Asus TUF Gaming F15 FX507ZC4-HN074W,19490000.0,25990000.0,i5,8.0,512.0,Windows 11,Asus,15.6
Laptop ASUS Vivobook 14X OLED S3405VA-KM071W,22490000.0,26990000.0,i9,16.0,512.0,Windows 11,ASUS,14.0
Laptop Dell Inspiron 3530,22490000.0,26990000.0,I716,8.0,256.0,Windows 11,Dell,15.0
Laptop HP Pavilion x360 14-EK1047TU 80R25PA,23990000.0,27590000.0,i7,16.0,512.0,Windows 11,HP,14.0
Laptop HP ENVY 13-BF0112TU,24190000.0,28990000.0,7C0N9PA),8.0,256.0,Windows 11,HP,15.0
Laptop Acer Gaming Nitro 5 Tiger AN515-58-52SP,20990000.0,20990000.0,i5,8.0,512.0,Windows 11,Acer,15.6
Laptop ASUS TUF Gaming F15 FX507ZC4-HN099W,20990000.0,26990000.0,i7,8.0,512.0,Windows 11,ASUS,15.0
Laptop Dell Inspiron 14 5430 20DY31,27229887.21804511,27229887.21804511,i7,16.0,1024.0,Windows 11,Dell,14.0
Laptop Acer Swift Go SFG14-71-74CP,27990000.0,28690000.0,i7,16.0,256.0,Windows 11,Acer,14.0
Laptop HP ENVY X360 13-BF0113TU,21990000.0,21990000.0,7C0V8PA),8.0,256.0,Windows 11,HP,15.0
Laptop HP ENVY X360 13-BF0114TU,21990000.0,28790000.0,7C0P0PA),8.0,256.0,Windows 11,HP,15.0
Laptop Asus Zenbook 14 OLED UX3405MA-PP151W,27490000.0,29990000.0,Core Ultra 5,16.0,512.0,Windows 11,Asus,14.0
Laptop Gaming ASUS TUF A15 FA507NU-LP034W,22990000.0,31490000.0,Ryzen 7,8.0,512.0,Windows 11,Gaming,15.6
Laptop Asus Zenbook 14 OLED UX3402VA-KM068W,26490000.0,31990000.0,i7,16.0,512.0,Windows 11,Asus,14.0
Laptop DELL VOSTRO 16 5630,27790000.0,27790000.0,THT7N),8.0,256.0,Windows 11,DELL,15.0
Laptop Dell Inspiron 5630,27990000.0,32990000.0,i7,8.0,256.0,Windows 11,Dell,15.0
Laptop HP ENVY X360 13-BF0090TU,27090000.0,32990000.0,76B13PA),8.0,256.0,Windows 11,HP,15.0
Laptop Gaming ASUS TUF A15 FA507NV-LP061W,28490000.0,34990000.0,Ryzen 7,16.0,1024.0,Windows 11,Gaming,15.6
Laptop Gaming Acer Nitro 17 Phoenix AN17-51-50B9,29990000.0,35490000.0,i5,8.0,512.0,Windows 11,Gaming,17.3
Laptop Asus TUF Gaming A15 FA507NV-LP046W,25990000.0,25990000.0,Ryzen 7,8.0,512.0,Windows 11,Asus,15.6
Laptop Gaming ASUS TUF F15 FX507VU-LP198W,27490000.0,33490000.0,I7,8.0,512.0,Windows 11,Gaming,15.6
Laptop Asus ROG Strix SCAR 18 G834JY-N6039W,103990000.0,125000000.0,I9,64.0,2048.0,Windows 11,Asus,18.0
Laptop Lenovo V15 G3 ABA,9490000.0,11990000.0,82TV008HVN),1024.0,256.0,Windows 11,Lenovo,15.0
Laptop HP ProBook 450 G10,19990000.0,22590000.0,873J6PA),8.0,256.0,Windows 11,HP,15.0
Laptop HP Probook 450 G8,15490000.0,18990000.0,614K2PA),8.0,256.0,Windows 11,HP,15.0
Laptop HP Victus Gaming 15-fa0115TX,19990000.0,25990000.0,7C0X1PA),8.0,256.0,Windows 11,HP,15.0
Laptop HP Victus 15-fa0155TX,20290000.0,20290000.0,81P00PA),8.0,256.0,Windows 11,HP,15.0
Laptop Gaming HP VICTUS 16-e1107AX 7C140PA,17990000.0,19990000.0,Ryzen 5,4.0,512.0,Windows 11,Gaming,16.1
Laptop HP Pavilion 15-eg3091TU,21990000.0,21990000.0,8C5L2PA),8.0,256.0,Windows 11,HP,15.0
Laptop HP Pavilion 15-eg2089TU,18990000.0,18990000.0,7C0R1PA),8.0,256.0,Windows 11,HP,15.0
Laptop HP ProBook 440 G10,20490000.0,21890000.0,873A9PA),8.0,256.0,Windows 11,HP,15.0
Laptop HP Victus Gaming 16-e1104AX,27990000.0,27990000.0,7C0S9PA),8.0,256.0,Windows 11,HP,15.0
Laptop HP VICTUS 16-e1105AX,20990000.0,27990000.0,7C0T0PA),1024.0,256.0,Windows 11,HP,15.0
Laptop HP Victus Gaming 16-e1102AX,29990000.0,29990000.0,7C139PA),8.0,256.0,Windows 11,HP,15.0
Laptop Gaming HP VICTUS 16-e1106AX 7C0T1PA,18990000.0,26490000.0,Ryzen 5,1024.0,512.0,Windows 11,Gaming,16.1
Laptop MSI Modern 15 B7M-231VN,27229887.21804511,27229887.21804511,Ryzen 5,16.0,512.0,Windows 11,MSI,15.6
Laptop Gaming MSI Stealth 15 A13VF-069VN,27229887.21804511,27229887.21804511,i7,8.0,1024.0,Windows 11,Gaming,15.6
Laptop LG Gram 2023 16Z90R-E.AH75A5,37990000.0,37990000.0,i7,16.0,512.0,Windows 11,LG,16.0
Laptop LG Gram 2023 17Z90R-G.AH78A5,50990000.0,50990000.0,i7,16.0,1024.0,Windows 11,LG,17.0
Laptop LG Gram 2023 17ZD90R-G.AX73A5,42990000.0,42990000.0,i7,16.0,256.0,Windows 11,LG,17.0
Laptop LG Gram 2023 16Z90R-G.AH76A5,46990000.0,46990000.0,i7,16.0,512.0,Windows 11,LG,16.0
Laptop LG Gram 2022 16ZD90Q-G.AX55A5,39990000.0,39990000.0,i5,16.0,512.0,Windows 11,LG,16.0
Laptop LG Gram 2022 16ZD90Q-G.AX53A5,37990000.0,37990000.0,i5,8.0,256.0,Windows 11,LG,16.0
Laptop LG Gram 2022 17ZD90Q-G.AX51A5,39990000.0,39990000.0,i5,16.0,256.0,Windows 11,LG,17.0
Laptop LG Gram 2022 16Z90Q-G.AH76A5,46990000.0,46990000.0,i7,16.0,512.0,Windows 11,LG,16.0
Laptop LG Gram 2022 17Z90Q-G.AH76A5,48990000.0,48990000.0,i7,16.0,512.0,Windows 11,LG,17.0
Laptop LG Gram 2022 16ZD90Q-G.AX51A5,36990000.0,36990000.0,i5,8.0,256.0,Windows 11,LG,16.0
Laptop LG Gram 2022 14ZD90Q-G.AX32A5,23290000.0,23290000.0,i3,8.0,256.0,Windows 11,LG,14.0
Laptop LG Gram 2022 14Z90Q-G.AJ53A5,31290000.0,31290000.0,i5,8.0,256.0,Windows 11,LG,14.0
Laptop LG Gram 2022 14Z90Q-G.AH75A5,37790000.0,37790000.0,i7,16.0,512.0,Windows 11,LG,14.0
Laptop LG Gram 2022 14ZD90Q-G.AX31A5,27229887.21804511,27229887.21804511,i3,8.0,256.0,Windows 11,LG,14.0
Laptop LG Gram 2022 14Z90Q-G.AJ32A5,27229887.21804511,27229887.21804511,i3,8.0,256.0,Windows 11,LG,14.0
Laptop LG Gram 2022 14ZD90Q-G.AX51A5,27229887.21804511,27229887.21804511,i5,8.0,256.0,Windows 11,LG,14.0
Laptop LG Gram 2022 14ZD90Q-G.AX52A5,27229887.21804511,27229887.21804511,i5,8.0,256.0,Windows 11,LG,14.0
Laptop LG Gram 2022 14ZD90Q-G.AX56A5,27229887.21804511,27229887.21804511,i5,16.0,512.0,Windows 11,LG,14.0
Laptop LG Gram 2022 16ZD90Q-G.AX72A5,40990000.0,40990000.0,i7,16.0,256.0,Windows 11,LG,16.0
Laptop LG Gram 2022 17ZD90Q-G.AX52A5,40990000.0,40990000.0,i5,256.0,256.0,Windows 11,LG,17.0
Laptop LG Gram 2022 16Z90Q-G.AH52A5,41990000.0,41990000.0,i5,16.0,256.0,Windows 11,LG,16.0
Laptop LG Gram 2022 16Z90Q-G.AH54A5,42990000.0,42990000.0,i5,16.0,512.0,Windows 11,LG,16.0
Laptop LG Gram 2022 17ZD90Q-G.AX73A5,42990000.0,42990000.0,i7,16.0,256.0,Windows 11,LG,17.0
Laptop LG Gram 2022 17Z90Q-G.AH74A5,47990000.0,47990000.0,I7,16.0,512.0,Windows 11,LG,15.0
Laptop LG Gram 2022 17Z90Q-G.AH78A5,50990000.0,50990000.0,i7,16.0,1024.0,Windows 11,LG,17.0
Laptop LG Gram 2022 16Z90Q-G.AH78A5,48990000.0,48990000.0,i7,16.0,1024.0,Windows 11,LG,16.0
Laptop LG Gram Style 2023 16Z90RS-G.AH54A5,35990000.0,43990000.0,i5,16.0,512.0,Windows 11,LG,16.0
Laptop LG Gram Style 2023 14Z90RS-G.AH54A5,35290000.0,35290000.0,i5,16.0,512.0,Windows 11,LG,14.0
Laptop LG Gram 2IN1 2023 14T90R-G.AH55A5,37990000.0,37990000.0,i5,16.0,512.0,Windows 11,LG,14.0
Laptop LG Gram 2023 14Z90R-G.AH53A5,32490000.0,32490000.0,i5,16.0,256.0,Windows 11,LG,14.0
Laptop LG Gram 2023 16ZD90R-G.AX55A5,39990000.0,42990000.0,i5,16.0,512.0,Windows 11,LG,16.0
Laptop LG Gram UltraSlim 2023 15Z90RT-G.AH55A5,33990000.0,42990000.0,i5,16.0,512.0,Windows 11,LG,15.6
Laptop LG Gram 2023 14Z90R-G.AH75A5,36990000.0,38990000.0,i7,16.0,512.0,Windows 11,LG,14.0
Laptop LG Gram 2023 14ZD90R-G.AX52A5,20990000.0,25990000.0,i5,8.0,256.0,Windows 11,LG,14.0
Laptop Asus Vivobook X1504ZA-NJ582W,10190000.0,10990000.0,I3,8.0,512.0,Windows 11,Asus,15.6
Laptop Acer Aspire 7 A715-42G-R05G,14990000.0,20490000.0,NH.QAYSV.007),8.0,256.0,Windows 11,Acer,15.0
Laptop Gaming Acer Nitro 5 Tiger AN515-58-5935,23990000.0,26990000.0,i5,8.0,512.0,Windows 11,Gaming,15.6
Laptop Asus Zenbook 14 OLED UX3402VA-KM203W,27229887.21804511,27229887.21804511,I5,16.0,512.0,Windows 11,Asus,14.0
Laptop Asus Vivobook 15X OLED S3504VA-L1227WS,21990000.0,25990000.0,i7,16.0,512.0,Windows 11,Asus,15.6
Laptop Asus Vivobook 15 X1504VA-NJ070W,15490000.0,18490000.0,I5,16.0,512.0,Windows 11,Asus,15.6
Laptop Asus Zenbook 14 OLED UM3402YA-KM405W,20990000.0,24990000.0,Ryzen 5,16.0,512.0,Windows 11,Asus,14.0
Laptop Acer Aspire 5 A515-58P-35EU,10790000.0,12290000.0,i3,8.0,256.0,Windows 11,Acer,15.0
Laptop Acer Aspire 3 A315-59-381E,9990000.0,11990000.0,i3,8.0,512.0,Windows 11,Acer,15.6
Laptop Asus TUF Gaming A16 Advantage Edition FA617NS-N3486W,22490000.0,32990000.0,Ryzen 7,8.0,512.0,Windows 11,Asus,16.0
Laptop Acer Aspire 3 A315-510P-34XZ,8990000.0,10990000.0,I3,8.0,512.0,Windows 11,Acer,15.6
Laptop mỏng nhẹ LENOVO Thinkbook 14S G2 ITL,15990000.0,18990000.0,20VA003NVN),8.0,256.0,Windows 11,mỏng,15.0
Laptop Lenovo V14 G3 IAP,11990000.0,15790000.0,82TS0062VN),1024.0,256.0,Windows 11,Lenovo,15.0
Laptop Asus Zenbook 14 OLED UX3405MA-PP152W,32490000.0,34990000.0,Core Ultra 7,32.0,1024.0,Windows 11,Asus,14.0
Laptop Lenovo ThinkPad E15 G4,18990000.0,22690000.0,21E600CFVA),8.0,256.0,Windows 11,Lenovo,15.0
Laptop Lenovo ThinkPad E14 Gen 5,18990000.0,18990000.0,21JK006QVA),8.0,256.0,Windows 11,Lenovo,15.0
Laptop LENOVO IdeaPad SLIM 5 PRO 16ARH7,25490000.0,29490000.0,82SN003KVN),8.0,256.0,Windows 11,LENOVO,15.0
Laptop cao cấp Lenovo ThinkBook 16 G4+ IAP,24990000.0,31990000.0,21CY003JVN),8.0,256.0,Windows 11,cao,15.0
Laptop LENOVO ThinkPad E16 G1,20490000.0,23490000.0,21JN0065VA),8.0,256.0,Windows 11,LENOVO,15.0
Laptop Lenovo V15 G4 IRU,11490000.0,13990000.0,83A1000BVN),8.0,256.0,Windows 11,Lenovo,15.0
Laptop Lenovo Ideapad Slim 5 16IAH8,17390000.0,18990000.0,83BG001XVN),8.0,256.0,Windows 11,Lenovo,15.0
Laptop Lenovo Ideapad Slim 5 16IAH8,16490000.0,18990000.0,83BG004EVN),8.0,256.0,Windows 11,Lenovo,15.0
Laptop Lenovo IdeaPad 5 14IAL7,13790000.0,18990000.0,82SD0060VN),8.0,256.0,Windows 11,Lenovo,15.0
Laptop Lenovo Legion 5 Pro 16IAH7H,36590000.0,46590000.0,82RF0046VN),8.0,256.0,Windows 11,Lenovo,15.0
Laptop Lenovo ThinkPad X1 Nano G2,41990000.0,51990000.0,21E8003JVN),8.0,256.0,Windows 11,Lenovo,15.0
Laptop LENOVO Thinkbook 15 G4 IRL,19890000.0,22790000.0,21DJ00CWVN),8.0,256.0,Windows 11,LENOVO,15.0
Laptop Lenovo ThinkPad E14 Gen 4,16990000.0,18990000.0,21E300DQVA),8.0,256.0,Windows 11,Lenovo,15.0
Laptop Lenovo Legion Pro 5 16IRX8 82WK00ANVN,51990000.0,55990000.0,i9,16.0,1024.0,Windows 11,Lenovo,16.0
Laptop Asus Vivobook 14X M1403QA-LY022W,13490000.0,14990000.0,Ryzen 5,16.0,256.0,Windows 11,Asus,14.0
Laptop Lenovo Legion Pro 5 16IRX9,53990000.0,55990000.0,83DF0046VN),8.0,256.0,Windows 11,Lenovo,15.0
Laptop Lenovo Legion 5 16IRX9 83DG004YVN,40990000.0,41999000.0,i7,16.0,512.0,Windows 11,Lenovo,16.0
Laptop Lenovo Legion 5 16IRX9 83DG004XVN,38990000.0,40999000.0,i7,16.0,512.0,Windows 11,Lenovo,16.0
Laptop ASUS VivoBook 15 X1504VA-NJ069W,10990000.0,10990000.0,i3,8.0,512.0,Windows 11,ASUS,15.6
Laptop Lenovo Ideapad 3,7790000.0,9990000.0,82H803SGVN),8.0,256.0,Windows 11,Lenovo,15.0
Laptop Asus Vivobook 14 X1404ZA-NK300W,9790000.0,11990000.0,I3,8.0,256.0,Windows 11,Asus,14.0
Laptop Lenovo LOQ Gaming 15IRH8 82XV00QXVN,29990000.0,29990000.0,I7,16.0,512.0,Windows 11,Lenovo,15.6
Laptop Lenovo ThinkBook 15 G5 IRL,15990000.0,19990000.0,21JD001QVN),8.0,256.0,Windows 11,Lenovo,15.0
Laptop Lenovo Ideapad 5 15IAL7,14990000.0,19490000.0,82SF005HVN),8.0,256.0,Windows 11,Lenovo,15.0
Laptop Lenovo V15 G3 IAP,9690000.0,10990000.0,82TT00ARVN),1024.0,256.0,Windows 11,Lenovo,15.0
Laptop LENOVO V14 G3 IAP 82TS0060VN,7990000.0,9990000.0,i3,8.0,256.0,Windows 11,LENOVO,14.0
Laptop HP 15s-fq5228TU 8U240PA,10990000.0,12990000.0,i3,8.0,512.0,Windows 11,HP,15.6
Laptop HP 15S FQ5231TU 8U241PA,9990000.0,11490000.0,i3,8.0,256.0,Windows 11,HP,15.6
Laptop Dell Vostro 15 3530,27229887.21804511,27229887.21804511,I3465,8.0,256.0,Windows 11,Dell,15.0
Laptop Dell Vostro 15 3530 80GG9,15890000.0,15890000.0,i5,8.0,512.0,Windows 11,Dell,15.0
Laptop Gaming Asus ROG Zephyrus G14 GA402NJ-L4056W,36490000.0,42990000.0,Ryzen 7,16.0,512.0,Windows 11,Gaming,14.0
Laptop Asus ROG Strix SCAR 17 G733PZ LL980W,62990000.0,90000000.0,Ryzen 9,32.0,1024.0,Windows 11,Asus,17.3
Laptop Gaming ASUS TUF A15 FA507XI-LP420W,38490000.0,46990000.0,Ryzen 9,8.0,512.0,Windows 11,Gaming,15.6
Laptop Asus Vivobook Pro 14 OLED M3401QA-KM040W,27229887.21804511,27229887.21804511,Ryzen 7,8.0,512.0,Windows 11,Asus,14.0
Laptop Gaming Asus TUF FA506IHRB-HN080W,16990000.0,19990000.0,Ryzen 5,8.0,512.0,Windows 11,Gaming,15.6
Laptop Gaming ASUS TUF F15 FX506HF HN078W,17490000.0,19990000.0,I5,16.0,512.0,Windows 11,Gaming,15.6
Laptop Gaming ASUS TUF A15 FA506NF HN005W,16990000.0,19990000.0,Ryzen 5,8.0,512.0,Windows 11,Gaming,15.6
Laptop Asus Zenbook 14 OLED UX3402VA-KM085W,27229887.21804511,27229887.21804511,I5,16.0,512.0,Windows 11,Asus,14.0
Laptop Asus Vivobook 16 M1605YA-MB303W,27229887.21804511,27229887.21804511,Ryzen 7,16.0,512.0,Windows 11,Asus,16.0
Laptop Dell XPS 13 Plus 9320 1Y0WG OLED,56990000.0,59990000.0,I7,16.0,512.0,Windows 11,Dell,13.4
Laptop Acer Predator Helios Neo PHN16-71-54CD,27229887.21804511,27229887.21804511,i5,8.0,512.0,Windows 11,Acer,16.0
Laptop Lenovo V15 G4 IRU,11690000.0,14190000.0,83A1000BVN),8.0,256.0,Windows 11,Lenovo,15.0
Laptop HP Pavilion 15-EG3112TU 8U6L9PA,21990000.0,25290000.0,i7,16.0,512.0,Windows 11,HP,15.6
Laptop HP Probook 450 G10 9H8H1PT,24990000.0,25990000.0,i7,16.0,512.0,Windows 11,HP,15.6
Laptop Dell Vostro 5630 i5P085W11GRU,27229887.21804511,27229887.21804511,i5,8.0,512.0,Windows 11,Dell,16.0
Laptop Lenovo Yoga 7 14IRL8,27700000.0,27700000.0,82YL006BVN),8.0,256.0,Windows 11,Lenovo,15.0
Laptop Lenovo IdeaPad Slim 3 15IAU7,12490000.0,14990000.0,82RK001LVN),8.0,256.0,Windows 11,Lenovo,15.0
Laptop HP 15S-FQ5144TU,18890000.0,18890000.0,C0R8PA),8.0,256.0,Windows 11,HP,15.0
Laptop Lenovo Ideapad3 15ITL6,9990000.0,13990000.0,82H80388VN),8.0,256.0,Windows 11,Lenovo,15.0
Laptop Asus TUF Gaming F15,27229887.21804511,27229887.21804511,2023) FX507ZU4,8.0,256.0,Windows 11,Asus,15.0
Laptop HP ProBook 440 G10,27229887.21804511,27229887.21804511,873C1PA),8.0,256.0,Windows 11,HP,15.0
Laptop Acer Aspire 3 A315-59-314F,8690000.0,9990000.0,i3,8.0,256.0,Windows 11,Acer,15.6
Laptop Acer Predator Helios Neo PHN16-71-7460,27229887.21804511,27229887.21804511,i7,8.0,512.0,Windows 11,Acer,16.0
Laptop MSI Modern 14 C12M 660VN,27229887.21804511,27229887.21804511,i5,16.0,256.0,Windows 11,MSI,14.0
Laptop Asus Vivobook 15X OLED S3504VA-L1226W,27229887.21804511,27229887.21804511,i5,16.0,512.0,Windows 11,Asus,15.6
Laptop Asus Vivobook 14 X1402ZA-EK098W,10990000.0,13990000.0,i3,8.0,256.0,Windows 11,Asus,14.0
Laptop Dell Inspiron 15 3520,27229887.21804511,27229887.21804511,71003262),8.0,256.0,Windows 11,Dell,15.0
Laptop HP ProBook 440 G10 873B2PA,27229887.21804511,27229887.21804511,i5,16.0,512.0,Windows 11,HP,14.0
Laptop HP ProBook 440 G10,19990000.0,20590000.0,873A6PA),8.0,256.0,Windows 11,HP,15.0
Laptop HP Probook 450 G8,14490000.0,17490000.0,614K1PA),8.0,256.0,Windows 11,HP,15.0
Laptop HP Probook 450 G8,14990000.0,17990000.0,614K1PA+4),8.0,256.0,Windows 11,HP,15.0
Laptop Asus Tuf Gaming F15 FX507ZU4 LP520W,26990000.0,34990000.0,i7,8.0,512.0,Windows 11,Asus,15.6
Laptop MSI Modern 14 C7M 221VN,27229887.21804511,27229887.21804511,AMD R7,8.0,512.0,Windows 11,MSI,14.0
Laptop MSI Modern 15 B12MO 487VN,27229887.21804511,27229887.21804511,i7,16.0,512.0,Windows 11,MSI,15.6
Laptop MSI Modern 15 B12MO 625VN,27229887.21804511,27229887.21804511,i5,8.0,512.0,Windows 11,MSI,15.0
Laptop MSI Gaming Cyborg 15 A12UC-621VN,27229887.21804511,27229887.21804511,i5,4.0,512.0,Windows 11,MSI,15.6
Laptop Dell Gaming G15 5530,38990000.0,42990000.0,i7,8.0,256.0,Windows 11,Dell,15.0
Laptop Asus Vivobook 13 Slate OLED T3304GA-LQ021WS,27229887.21804511,27229887.21804511,i3,8.0,256.0,Windows 11,Asus,13.3
Laptop ASUS TUF Gaming F15 FX506HC-HN144W,27229887.21804511,27229887.21804511,i5,8.0,512.0,Windows 11,ASUS,15.6
Laptop Dell Vostro 3430,27229887.21804511,27229887.21804511,71015715),8.0,256.0,Windows 11,Dell,15.0
Laptop Dell Inspiron 14 5430 i5P165W11SLD2,24990000.0,27490000.0,i5,16.0,512.0,Windows 11,Dell,14.0
Laptop Dell Inspiron 3530,27229887.21804511,27229887.21804511,i7,8.0,512.0,Windows 11,Dell,15.6
Laptop Dell Vostro 3530 V5I5267W1,27229887.21804511,27229887.21804511,i5,8.0,256.0,Windows 11,Dell,15.6
Laptop Dell Inspiron 15 3530,27229887.21804511,27229887.21804511,71014840),8.0,256.0,Windows 11,Dell,15.0
Laptop Lenovo Legion Pro 5 16IRX8,46990000.0,46990000.0,82WK00APVN),8.0,256.0,Windows 11,Lenovo,15.0
Laptop HP Pavilion 15-EG2036TX,16990000.0,18990000.0,6K782PA),8.0,256.0,Windows 11,HP,15.0
Laptop Gaming Acer Nitro 16 Phoenix AN16-41-R60F,33990000.0,35990000.0,Ryzen 7,8.0,512.0,Windows 11,Gaming,16.0
Laptop Acer Predator Helios Neo 16 PHN16-71-74BA,27229887.21804511,27229887.21804511,i7,16.0,512.0,Windows 11,Acer,16.0
Laptop Acer Aspire 3 A315-59-31BT,8690000.0,9900000.0,i3,8.0,256.0,Windows 11,Acer,15.6
Laptop ACER Aspire 3 A314-23M-R4TX,10990000.0,13290000.0,Ryzen 5,8.0,256.0,Windows 11,ACER,14.0
Laptop Acer Swift 3 SF314-71-74WD,31490000.0,33990000.0,i7,16.0,1024.0,Windows 11,Acer,14.0
Laptop ACER Aspire 5 A514-56P-35X7,10990000.0,12990000.0,i3,8.0,256.0,Windows 11,ACER,14.0
Laptop Acer Swift 3 SF314-512-741L,26390000.0,30490000.0,i7,16.0,1024.0,Windows 11,Acer,14.0
Laptop Acer Aspire 5 A515-58P-774R,18990000.0,18990000.0,i7,16.0,512.0,Windows 11,Acer,15.6
Laptop Acer Aspire 5 Spin 14 A5SP14-51MTN-573X,19990000.0,19990000.0,i5,16.0,512.0,Windows 11,Acer,14.0
Laptop Lenovo Ideapad 3 14ABA7,27229887.21804511,27229887.21804511,82RM003WVN),8.0,256.0,Windows 11,Lenovo,15.0
Laptop Lenovo V15 G3 ABA,27229887.21804511,27229887.21804511,82TV002KVN),1024.0,256.0,Windows 11,Lenovo,15.0
Laptop Lenovo Yoga Slim 7 14ACN6,27229887.21804511,27229887.21804511,82N7008XVN),8.0,256.0,Windows 11,Lenovo,15.0
Laptop Lenovo Yoga Slim 7 Pro 14IHU5 O 82NH00AEVN,27229887.21804511,27229887.21804511,i5,16.0,256.0,Windows 11,Lenovo,14.0
Laptop Lenovo Ideapad Gaming 3 15IAH7,27229887.21804511,27229887.21804511,82S9007TVN),1024.0,256.0,Windows 11,Lenovo,15.0
Laptop Lenovo Ideapad Gaming 3 15IAH7 82S9006YVN,27229887.21804511,27229887.21804511,i5,8.0,512.0,Windows 11,Lenovo,15.6
Laptop Lenovo IdeaPad Gaming 3 15ARH7 82SB00BBVN,18990000.0,19990000.0,Ryzen 5,4.0,512.0,Windows 11,Lenovo,15.6
Laptop Lenovo Legion 5 15ARH7,29990000.0,35990000.0,82RE0036VN),8.0,256.0,Windows 11,Lenovo,15.0
Laptop Asus Vivobook S 14 Flip TP3402VA-LZ118W,23490000.0,23490000.0,i9,16.0,512.0,Windows 11,Asus,14.0
Laptop Asus Zenbook S 13 OLED UX5304VA-NQ126W,27229887.21804511,27229887.21804511,i7,32.0,1024.0,Windows 11,Asus,13.3
Laptop Asus VivoBook X415EA-EK2043W,9290000.0,11990000.0,i3,8.0,256.0,Windows 11,Asus,14.0
Laptop ASUS Zenbook S13 UX5304VA-NQ125W,27229887.21804511,27229887.21804511,i7,16.0,256.0,Windows 11,ASUS,15.0
Laptop Asus Zenbook 14 Flip OLED UP3404VA-KN039W,27229887.21804511,27229887.21804511,i7,16.0,512.0,Windows 11,Asus,15.0
Laptop Asus Vivobook 14X OLED K3405VC-KM006W,27229887.21804511,27229887.21804511,i5,16.0,512.0,Windows 11,Asus,14.0
Laptop Asus ZenBook UP3404VA-KN038W,27229887.21804511,27229887.21804511,i5,16.0,256.0,Windows 11,Asus,15.0
Laptop Asus Vivobook S 14 Flip TP3402VA-LZ031W,27229887.21804511,27229887.21804511,i5,16.0,512.0,Windows 11,Asus,14.0
Laptop Asus Vivobook Go 15 E1504FA-NJ454W,27229887.21804511,27229887.21804511,Ryzen 5,16.0,512.0,Windows 11,Asus,15.6
Laptop Acer Aspire 7 A715-76-57CY,27229887.21804511,27229887.21804511,i5,8.0,512.0,Windows 11,Acer,15.6
Laptop Asus ROG Strix G16 G614JU-N3135W,31990000.0,39990000.0,i5,8.0,512.0,Windows 11,Asus,16.0
Laptop MSI Creator Z16 A12UET 025VN,60990000.0,60990000.0,i7,16.0,1024.0,Windows 11,MSI,16.0
Laptop Gaming MSI GS77 Stealth 12UH 075VN,27229887.21804511,27229887.21804511,i9,32.0,2048.0,Windows 11,Gaming,17.3
Laptop MSI Raider GE68 HX 13VF-048VN,27229887.21804511,27229887.21804511,i7,32.0,2048.0,Windows 11,MSI,16.0
Laptop Gaming MSI Alpha 17 B5EEK-031VN,27229887.21804511,27229887.21804511,Ryzen 7,8.0,512.0,Windows 11,Gaming,17.3
Laptop MSI Raider GE68 HX 13VF-050VN,27229887.21804511,27229887.21804511,i7,16.0,2048.0,Windows 11,MSI,16.0
Laptop MSI Vector GP77 HX 13VG-043VN,27229887.21804511,27229887.21804511,i7,16.0,512.0,Windows 11,MSI,17.3
Laptop Gaming MSI Vector GP76 HX,27229887.21804511,27229887.21804511,12UGSO,8.0,256.0,Windows 11,Gaming,15.0
Laptop MSI Katana GF66 12UC 699VN,27229887.21804511,27229887.21804511,i5,8.0,512.0,Windows 11,MSI,15.6
Laptop MSI Modern 15 A5M 237VN,27229887.21804511,27229887.21804511,Ryzen 7,8.0,512.0,Windows 11,MSI,15.6
Laptop gaming MSI GF63 Thin 11SC 665VN,27229887.21804511,27229887.21804511,i5,8.0,512.0,Windows 11,gaming,15.6
Laptop MSI Katana GF66 11UE-824VN,27229887.21804511,27229887.21804511,i7,16.0,512.0,Windows 11,MSI,15.6
Laptop MSI Modern 15 B12M 628VN,27229887.21804511,27229887.21804511,i5,16.0,512.0,Windows 11,MSI,15.6
Laptop MSI Cyborg 15 A12VF 267VN,27229887.21804511,27229887.21804511,i7,8.0,512.0,Windows 11,MSI,15.0
Laptop Gaming MSI Raider GE78 HX 13VI-408VN,27229887.21804511,27229887.21804511,i9,16.0,4096.0,Windows 11,Gaming,17.3
Laptop Gaming MSI GF63 Thin 12VE-454VN,27229887.21804511,27229887.21804511,i5,6.0,512.0,Windows 11,Gaming,15.6
Laptop Gaming MSI Raider GE78 HX 13VH 076VN,27229887.21804511,27229887.21804511,i9,64.0,4096.0,Windows 11,Gaming,17.0
Laptop Gaming MSI Titan GT77 HX 13VI-077VN,27229887.21804511,27229887.21804511,i9,16.0,4096.0,Windows 11,Gaming,17.3
Laptop Gaming MSI Raider GE77 HX 12UHS-229VN,27229887.21804511,27229887.21804511,i9,1024.0,2048.0,Windows 11,Gaming,17.3
Laptop Gaming MSI Raider GE77 HX 12UGS-230VN,27229887.21804511,27229887.21804511,i9,1024.0,2048.0,Windows 11,Gaming,17.3
Laptop MSI Stealth 16 Studio A13VG-057VN,27229887.21804511,27229887.21804511,i9,32.0,2048.0,Windows 11,MSI,16.0
Laptop Gaming MSI Delta 15 A5EFK-095VN,27229887.21804511,27229887.21804511,Ryzen 7,10.0,512.0,Windows 11,Gaming,15.6
Laptop Gaming MSI Delta 15 A5EFK-094VN,27229887.21804511,27229887.21804511,Ryzen 9,10.0,1024.0,Windows 11,Gaming,15.6
Laptop Gaming MSI Katana 15 B13VGK-1211VN,39990000.0,44990000.0,i7,8.0,1024.0,Windows 11,Gaming,15.6
Laptop Gaming MSI Stealth 16 Mercedes-AMG Motorsport A13VG-289VN,27229887.21804511,27229887.21804511,i9,8.0,2048.0,Windows 11,Gaming,16.0
Laptop Gaming MSI Katana GF66 12UDK-814VN,27229887.21804511,27229887.21804511,i7,1024.0,512.0,Windows 11,Gaming,15.0
Laptop MSI Modern 15 B7M-238VN,27229887.21804511,27229887.21804511,Ryzen 7,16.0,512.0,Windows 11,MSI,15.6
Laptop MSI Modern 15 B12M-220VN,27229887.21804511,27229887.21804511,i5,8.0,512.0,Windows 11,MSI,15.6
Laptop MSI Modern 15 B7M-098VN,27229887.21804511,27229887.21804511,Ryzen 7,8.0,256.0,Windows 11,MSI,15.6
Laptop MSI Creator Z16P B12UGST-044VN,27229887.21804511,27229887.21804511,i7,32.0,256.0,Windows 11,MSI,16.0
Laptop MSI Creator Z17 HX Studio A13VGT-068VN,27229887.21804511,27229887.21804511,i7,8.0,2048.0,Windows 11,MSI,17.0
Laptop MSI Creator Z16 A12UET-025VN,27229887.21804511,27229887.21804511,i7,6.0,1024.0,Windows 11,MSI,16.0
Laptop MSI GF63 Thin 11SC-664VN,27229887.21804511,27229887.21804511,i5,8.0,512.0,Windows 11,MSI,15.6
Laptop Gaming MSI Katana GF66 12UCK-804VN,27229887.21804511,27229887.21804511,i7,4.0,512.0,Windows 11,Gaming,15.6
Laptop Dell Vostro 3420,27229887.21804511,27229887.21804511,I7310,8.0,256.0,Windows 11,Dell,15.0
